"Jahr";"A";"B";"2. Jahr";"3. Jahr";"4. Jahr";"5. Jahr"
2015;"A.";"Ergebnisprognose des zweiten bis fünften Geschäftjahres";;;;
2015;"A._Ergebnisprognose des zweiten bis fünften Geschäftjahres";"A.1._Verdiente Beiträge für eigene Rechnung";43674;44423;44763;44826
2015;"A._Ergebnisprognose des zweiten bis fünften Geschäftjahres";"A.2._Beiträge aus der Brutto-Rückstellung für Beitragsrückerstattung";422;322;241;231
2015;"A._Ergebnisprognose des zweiten bis fünften Geschäftjahres";"A.3._Erträge aus Kapitalanlagen";25988;34020;24562;13966
2015;"A._Ergebnisprognose des zweiten bis fünften Geschäftjahres";"A.3.1._davon: laufende Erträge aus Kapitalanlagen (Nw. 201, S. 1, Spalte 1, Zeile 26 ./. Zeile 25)";19188;15120;12862;13266
2015;"A._Ergebnisprognose des zweiten bis fünften Geschäftjahres";"A.3.2._davon: übrige Erträge aus Kapitalanlagen (Nw. 201, S. 1, Spalte 2, Zeile 26 ./. Zeile 25)";6800;18900;11700;700
2015;"A._Ergebnisprognose des zweiten bis fünften Geschäftjahres";"A.4._Nicht realisierte Gewinne aus Kapitalanlagen";635;732;835;945
2015;"A._Ergebnisprognose des zweiten bis fünften Geschäftjahres";"A.5._Sonstige versicherungstechnische Erträge für eigene Rechnung";6;6;6;6
2015;"A._Ergebnisprognose des zweiten bis fünften Geschäftjahres";"A.6._Aufwendungen für Versicherungsfälle für eigene Rechnung";11921;13135;15707;15930
2015;"A._Ergebnisprognose des zweiten bis fünften Geschäftjahres";"A.7._Veränderung der übrigen versicherungstechnischen Netto-Rückstellungen";53463;60350;68480;66322
2015;"A._Ergebnisprognose des zweiten bis fünften Geschäftjahres";"A.8._Aufwendungen für die erfolgsabhängige Beitragsrückerstattung für eigene Rechnung";1080;1699;0;0
2015;"A._Ergebnisprognose des zweiten bis fünften Geschäftjahres";"A.9._Aufwendungen für den Versicherungsbetrieb für eigene Rechnung";1804;1776;1746;1746
2015;"A._Ergebnisprognose des zweiten bis fünften Geschäftjahres";"A.10._Aufwendungen für Kapitalanlagen";817;829;829;829
2015;"A._Ergebnisprognose des zweiten bis fünften Geschäftjahres";"A.10.1._davon: laufende Aufwendungen für Kapitalanlagen (Nw. 201, S. 1, Spalte 3, Zeile 26 ./. Zeile 25)";817;829;829;829
2015;"A._Ergebnisprognose des zweiten bis fünften Geschäftjahres";"A.10.2._davon: übrige Aufwendungen für Kapitalanlagen (Nw. 201, S. 1, Spalte 4, Zeile 26 ./. Zeile 25)";0;0;0;0
2015;"A._Ergebnisprognose des zweiten bis fünften Geschäftjahres";"A.11._Nicht realisierte Verluste aus Kapitalanlagen";0;0;0;0
2015;"A._Ergebnisprognose des zweiten bis fünften Geschäftjahres";"A.12._Sonstige versicherungstechnische Aufwendungen für eigene Rechnung";1179;1153;1141;1144
2015;"A._Ergebnisprognose des zweiten bis fünften Geschäftjahres";"A.13._Versicherungstechnisches Ergebnis für eigene Rechnung";461;561;-17496;-25997
2015;"A._Ergebnisprognose des zweiten bis fünften Geschäftjahres";"A.14._Saldo der Posten II.1., II.2., II.4., II.5. und II.7. bis II.10. aus Formblatt 3 RechVersV";-302;-331;-242;-242
2015;"A._Ergebnisprognose des zweiten bis fünften Geschäftjahres";"A.16._Jahresüberschuss/Jahresfehlbetrag";159;230;-17738;-26239
2015;"A._Ergebnisprognose des zweiten bis fünften Geschäftjahres";"A.17._nachrichtlich: Ergebnis aus dem abgegebenen VG";0;0;0;0
2015;"B.";"Angaben zur Solvabilität zum Ende des zweiten bis fünften Geschäftsjahres";;;;
2015;"B._Angaben zur Solvabilität zum Ende des zweiten bis fünften Geschäftsjahres";"B.1._Eigenmittel A (gem. Rundschreiben 4/2005 (VA))";35655;37784;41283;44464
2015;"B._Angaben zur Solvabilität zum Ende des zweiten bis fünften Geschäftsjahres";"B.2._davon: ungebundene, zur Verlustdeckung verwendbare Rückstellung für Beitragsrückerstattung";14219;15460;15138;14802
2015;"B._Angaben zur Solvabilität zum Ende des zweiten bis fünften Geschäftsjahres";"B.3._Eigenmittel B (gem. Rundschreiben 4/2005 (VA))";0;0;0;0
2015;"B._Angaben zur Solvabilität zum Ende des zweiten bis fünften Geschäftsjahres";"B.4._davon: stille Nettoreserven";0;0;0;0
2015;"B._Angaben zur Solvabilität zum Ende des zweiten bis fünften Geschäftsjahres";"B.5._Mindestbetrag des Garantiefonds";0;0;0;0
2015;"B._Angaben zur Solvabilität zum Ende des zweiten bis fünften Geschäftsjahres";"B.6._Solvabilitätsspanne";24120;26457;29115;31685
2015;"C.";"Zusatzangaben zu Kapitalanlagen und zum Sicherungsbedarf für das zweite bis fünfte Geschäftsjahr";;;;
2015;"C._Zusatzangaben zu Kapitalanlagen und zum Sicherungsbedarf für das zweite bis fünfte Geschäftsjahr";"C.1._Unsaldierte stille Reserven zum Ende des zweiten bis fünften Geschäftsjahres";30464;11948;0;0
2015;"C._Zusatzangaben zu Kapitalanlagen und zum Sicherungsbedarf für das zweite bis fünfte Geschäftsjahr";"C.2._davon: in zum Nennwert bilanzierten Kapitalanlagen";4088;1604;0;0
2015;"C._Zusatzangaben zu Kapitalanlagen und zum Sicherungsbedarf für das zweite bis fünfte Geschäftsjahr";"C.3._davon: in Immobilien";0;0;0;0
2015;"C._Zusatzangaben zu Kapitalanlagen und zum Sicherungsbedarf für das zweite bis fünfte Geschäftsjahr";"C.4._davon: in Anteilen an verbundenen Unternehmen und Beteiligungen";0;0;0;0
2015;"C._Zusatzangaben zu Kapitalanlagen und zum Sicherungsbedarf für das zweite bis fünfte Geschäftsjahr";"C.5._Unsaldierte stille Lasten zum Ende des zweiten bis fünften Geschäftsjahres";720;684;433;300
2015;"C._Zusatzangaben zu Kapitalanlagen und zum Sicherungsbedarf für das zweite bis fünfte Geschäftsjahr";"C.6._davon: in zum Nennwert bilanzierten Kapitalanlagen";0;0;0;0
2015;"C._Zusatzangaben zu Kapitalanlagen und zum Sicherungsbedarf für das zweite bis fünfte Geschäftsjahr";"C.7._Neu- und Wiederanlage (ohne FLV) im zweiten bis fünften Geschäftsjahr";215202;261563;51346;58126
2015;"C._Zusatzangaben zu Kapitalanlagen und zum Sicherungsbedarf für das zweite bis fünfte Geschäftsjahr";"C.8._Buchwert der Kapitalanlagen zum Ende des zweiten bis fünften Geschäftsjahres (Formblatt 1, Aktivseite, C., RechVersV)";638800;706360;750706;787832
2015;"C._Zusatzangaben zu Kapitalanlagen und zum Sicherungsbedarf für das zweite bis fünfte Geschäftsjahr";"C.9._Bewertungsreserven in festverzinslichen Anlagen und Zinsabsicherungsgeschäften gem. § 56a Abs. 3 VAG";29744;11265;-433;-300
2015;"C._Zusatzangaben zu Kapitalanlagen und zum Sicherungsbedarf für das zweite bis fünfte Geschäftsjahr";"C.10._Sicherungsbedarf gem. § 56a Abs. 4 VAG";133153;116822;91375;69109
2015;"D.";"sonstige Angaben zu den Geschäftsjahren zwei bis fünf";;;;
2015;"D._sonstige Angaben zu den Geschäftsjahren zwei bis fünf";"D.1._Veränderung der Deckungsrückstellung zur Verstärkung der Rechnungsgrundlage Zins für aufsichtsrechtlich genehmigte Tarife  (in A.7. enthalten)";8546,29683433687;14736,4375044047;18088,7914813865;14892,3125759939
2015;"D._sonstige Angaben zu den Geschäftsjahren zwei bis fünf";"D.2._Veränderung der Deckungsrückstellung zur Verstärkung der Rechnungsgrundlage Zins für aufsichtsrechtlich nicht genehmigte Tarife (Zinszusatzreserve gem. § 5 Abs.3 DeckRV; in A.7. enthalten)";0;0;5823,55933990018;5856,82817467821
2015;"D._sonstige Angaben zu den Geschäftsjahren zwei bis fünf";"D.3._Veränderung der Deckungsrückstellung zur Verstärkung anderer, bereits feststehender Rechnungsgrundlagen für aufsichtsrechtlich genehmigte und nicht genehmigte Tarife (in A.7. enthalten)";1100;1100;1100;1100
2015;"D._sonstige Angaben zu den Geschäftsjahren zwei bis fünf";"D.4._Veränderung der Deckungsrückstellung zur Verstärkung der Rechnungsgrundlagen (Zins und andere), die nicht schon in D.1. bis D.3. enthalten ist (in A.7. enthalten)";0;0;0;0
2015;"D._sonstige Angaben zu den Geschäftsjahren zwei bis fünf";"D.5._Durchschnittlicher Rechnungszins am Ende des zweiten bis fünften Geschäftsjahres in %";2,68;2,61;2,51;2,44
2015;"D._sonstige Angaben zu den Geschäftsjahren zwei bis fünf";"D.6._Erwarten Sie für das zweite bis fünfte Geschäftsjahr einen Antrag auf Reduzierung der Mindestzuführung zur RfB gem. MindZV zu stellen? Antwortmöglichkeiten: 0=nein, 1=ja (bei Möglichkeit 1 bitte Erläuterung im Anschreiben).";0;0;0;0
2015;"D._sonstige Angaben zu den Geschäftsjahren zwei bis fünf";"D.7._Erwarten Sie für das zweite bis fünfte Geschäftsjahr einen Antrag auf Entnahme aus der RfB aufgrund § 56b Abs. 1 Satz 2 VAG zu stellen? Antwortmöglichkeiten: 0=nein, 1=ja (bei Möglichkeit 1 bitte Erläuterung im Anschreiben)";0;0;0;0
2015;"D._sonstige Angaben zu den Geschäftsjahren zwei bis fünf";"D.8._Deckungsrückstellung zum Ende des Geschäftsjahres (ohne FLV)";583258,024008093;641915,734714945;708544,854417926;772942,803476187
2016;"A.";"Ergebnisprognose des zweiten bis fünften Geschäftjahres";;;;
2016;"A._Ergebnisprognose des zweiten bis fünften Geschäftjahres";"A.1._Verdiente Beiträge für eigene Rechnung";42403;42359;42213;41692
2016;"A._Ergebnisprognose des zweiten bis fünften Geschäftjahres";"A.2._Beiträge aus der Brutto-Rückstellung für Beitragsrückerstattung";167;112;93;52
2016;"A._Ergebnisprognose des zweiten bis fünften Geschäftjahres";"A.3._Erträge aus Kapitalanlagen";72852;15954;9485;9738
2016;"A._Ergebnisprognose des zweiten bis fünften Geschäftjahres";"A.3.1._davon: laufende Erträge aus Kapitalanlagen (Nw. 201, S. 1, Spalte 1, Zeile 26 ./. Zeile 25)";17152;10954;9485;9738
2016;"A._Ergebnisprognose des zweiten bis fünften Geschäftjahres";"A.3.2._davon: übrige Erträge aus Kapitalanlagen (Nw. 201, S. 1, Spalte 2, Zeile 26 ./. Zeile 25)";55700;5000;0;0
2016;"A._Ergebnisprognose des zweiten bis fünften Geschäftjahres";"A.4._Nicht realisierte Gewinne aus Kapitalanlagen";425;481;545;624
2016;"A._Ergebnisprognose des zweiten bis fünften Geschäftjahres";"A.5._Sonstige versicherungstechnische Erträge für eigene Rechnung";19;19;19;19
2016;"A._Ergebnisprognose des zweiten bis fünften Geschäftjahres";"A.6._Aufwendungen für Versicherungsfälle für eigene Rechnung";14027;16252;17804;20390
2016;"A._Ergebnisprognose des zweiten bis fünften Geschäftjahres";"A.7._Veränderung der übrigen versicherungstechnischen Netto-Rückstellungen";96761;82651;83565;77279
2016;"A._Ergebnisprognose des zweiten bis fünften Geschäftjahres";"A.8._Aufwendungen für die erfolgsabhängige Beitragsrückerstattung für eigene Rechnung";7;0;0;0
2016;"A._Ergebnisprognose des zweiten bis fünften Geschäftjahres";"A.9._Aufwendungen für den Versicherungsbetrieb für eigene Rechnung";1660;1633;1623;1623
2016;"A._Ergebnisprognose des zweiten bis fünften Geschäftjahres";"A.10._Aufwendungen für Kapitalanlagen";2364;2404;2444;2444
2016;"A._Ergebnisprognose des zweiten bis fünften Geschäftjahres";"A.10.1._davon: laufende Aufwendungen für Kapitalanlagen (Nw. 201, S. 1, Spalte 3, Zeile 26 ./. Zeile 25)";993;1033;1073;1073
2016;"A._Ergebnisprognose des zweiten bis fünften Geschäftjahres";"A.10.2._davon: übrige Aufwendungen für Kapitalanlagen (Nw. 201, S. 1, Spalte 4, Zeile 26 ./. Zeile 25)";1371;1371;1371;1371
2016;"A._Ergebnisprognose des zweiten bis fünften Geschäftjahres";"A.11._Nicht realisierte Verluste aus Kapitalanlagen";0;0;0;0
2016;"A._Ergebnisprognose des zweiten bis fünften Geschäftjahres";"A.12._Sonstige versicherungstechnische Aufwendungen für eigene Rechnung";778;742;703;23
2016;"A._Ergebnisprognose des zweiten bis fünften Geschäftjahres";"A.13._Versicherungstechnisches Ergebnis für eigene Rechnung";269;-44757;-53784;-49634
2016;"A._Ergebnisprognose des zweiten bis fünften Geschäftjahres";"A.14._Saldo der Posten II.1., II.2., II.4., II.5. und II.7. bis II.10. aus Formblatt 3 RechVersV";-239;-236;-236;-236
2016;"A._Ergebnisprognose des zweiten bis fünften Geschäftjahres";"A.16._Jahresüberschuss/Jahresfehlbetrag";30;-44993;-54020;-49870
2016;"A._Ergebnisprognose des zweiten bis fünften Geschäftjahres";"A.17._nachrichtlich: Ergebnis aus dem abgegebenen VG";0;0;0;0
2016;"B.";"Angaben zur Solvabilität zum Ende des zweiten bis fünften Geschäftsjahres";;;;
2016;"B._Angaben zur Solvabilität zum Ende des zweiten bis fünften Geschäftsjahres";"B.1._Eigenmittel A (gem. Rundschreiben 4/2005 (VA))";40495;-4105;-57698;-107826
2016;"B._Angaben zur Solvabilität zum Ende des zweiten bis fünften Geschäftsjahres";"B.2._davon: ungebundene, zur Verlustdeckung verwendbare Rückstellung für Beitragsrückerstattung";17556;17290;17059;16802
2016;"B._Angaben zur Solvabilität zum Ende des zweiten bis fünften Geschäftsjahres";"B.3._Eigenmittel B (gem. Rundschreiben 4/2005 (VA))";;;;
2016;"B._Angaben zur Solvabilität zum Ende des zweiten bis fünften Geschäftsjahres";"B.4._davon: stille Nettoreserven";;;;
2016;"B._Angaben zur Solvabilität zum Ende des zweiten bis fünften Geschäftsjahres";"B.5._Mindestbetrag der Mindestkapitalanforderung";;;;
2016;"B._Angaben zur Solvabilität zum Ende des zweiten bis fünften Geschäftsjahres";"B.6._Solvabilitätsspanne";27582;30824;34102;37127
2016;"C.";"Zusatzangaben zu Kapitalanlagen und zum Sicherungsbedarf für das zweite bis fünfte Geschäftsjahr";;;;
2016;"C._Zusatzangaben zu Kapitalanlagen und zum Sicherungsbedarf für das zweite bis fünfte Geschäftsjahr";"C.1._Unsaldierte stille Reserven zum Ende des zweiten bis fünften Geschäftsjahres";11819;0;0;0
2016;"C._Zusatzangaben zu Kapitalanlagen und zum Sicherungsbedarf für das zweite bis fünfte Geschäftsjahr";"C.2._davon: in zum Nennwert bilanzierten Kapitalanlagen";2571;0;0;0
2016;"C._Zusatzangaben zu Kapitalanlagen und zum Sicherungsbedarf für das zweite bis fünfte Geschäftsjahr";"C.3._davon: in Immobilien";0;0;0;0
2016;"C._Zusatzangaben zu Kapitalanlagen und zum Sicherungsbedarf für das zweite bis fünfte Geschäftsjahr";"C.4._davon: in Anteilen an verbundenen Unternehmen und Beteiligungen";0;0;0;0
2016;"C._Zusatzangaben zu Kapitalanlagen und zum Sicherungsbedarf für das zweite bis fünfte Geschäftsjahr";"C.5._Unsaldierte stille Lasten zum Ende des zweiten bis fünften Geschäftsjahres";0;0;0;0
2016;"C._Zusatzangaben zu Kapitalanlagen und zum Sicherungsbedarf für das zweite bis fünfte Geschäftsjahr";"C.6._davon: in zum Nennwert bilanzierten Kapitalanlagen";0;0;0;0
2016;"C._Zusatzangaben zu Kapitalanlagen und zum Sicherungsbedarf für das zweite bis fünfte Geschäftsjahr";"C.7._Neu- und Wiederanlage (ohne FLV) im zweiten bis fünften Geschäftsjahr";451195;168437;31003;28157
2016;"C._Zusatzangaben zu Kapitalanlagen und zum Sicherungsbedarf für das zweite bis fünfte Geschäftsjahr";"C.8._Buchwert der Kapitalanlagen zum Ende des zweiten bis fünften Geschäftsjahres (Formblatt 1, Aktivseite, C., RechVersV)";694704;731607;761239;788025
2016;"C._Zusatzangaben zu Kapitalanlagen und zum Sicherungsbedarf für das zweite bis fünfte Geschäftsjahr";"C.9._Bewertungsreserven in festverzinslichen Anlagen und Zinsabsicherungsgeschäften gem. § 139 Abs. 3 VAG";11819;0;0;0
2016;"C._Zusatzangaben zu Kapitalanlagen und zum Sicherungsbedarf für das zweite bis fünfte Geschäftsjahr";"C.10._Sicherungsbedarf gem. § 139 Abs. 4 VAG";208508;176091;141432;109850
2016;"D.";"sonstige Angaben zu den Geschäftsjahren zwei bis fünf";;;;
2016;"D._sonstige Angaben zu den Geschäftsjahren zwei bis fünf";"D.1._Veränderung der Deckungsrückstellung zur Verstärkung der Rechnungsgrundlage Zins für aufsichtsrechtlich genehmigte Tarife  (in A.7. enthalten)";48626;29137;27758;24026
2016;"D._sonstige Angaben zu den Geschäftsjahren zwei bis fünf";"D.2._Veränderung der Deckungsrückstellung zur Verstärkung der Rechnungsgrundlage Zins für aufsichtsrechtlich nicht genehmigte Tarife (Zinszusatzreserve gem. § 5 Abs.3 DeckRV; in A.7. enthalten)";6261;12749;15678;15311
2016;"D._sonstige Angaben zu den Geschäftsjahren zwei bis fünf";"D.3._Veränderung der Deckungsrückstellung zur Verstärkung anderer, bereits feststehender Rechnungsgrundlagen für aufsichtsrechtlich genehmigte und nicht genehmigte Tarife (in A.7. enthalten)";770;745;677;466
2016;"D._sonstige Angaben zu den Geschäftsjahren zwei bis fünf";"D.4._Veränderung der Deckungsrückstellung zur Verstärkung der Rechnungsgrundlagen (Zins und andere), die nicht schon in D.1. bis D.3. enthalten ist (in A.7. enthalten)";0;0;0;0
2016;"D._sonstige Angaben zu den Geschäftsjahren zwei bis fünf";"D.5._Durchschnittlicher Rechnungszins des zweiten bis fünften Geschäftsjahres in %";2,12;1,75;1,4;1,11
2016;"D._sonstige Angaben zu den Geschäftsjahren zwei bis fünf";"D.6._Erwarten Sie für das zweite bis fünfte Geschäftsjahr einen Antrag auf Reduzierung der Mindestzuführung zur RfB gem. MindZV zu stellen? Antwortmöglichkeiten: 0=nein, 1=ja (bei Möglichkeit 1 bitte Erläuterung im Anschreiben).";0;0;0;0
2016;"D._sonstige Angaben zu den Geschäftsjahren zwei bis fünf";"D.7._Erwarten Sie für das zweite bis fünfte Geschäftsjahr einen Antrag auf Entnahme aus der RfB aufgrund § 140 Abs. 1 Satz 2 VAG zu stellen? Antwortmöglichkeiten: 0=nein, 1=ja (bei Möglichkeit 1 bitte Erläuterung im Anschreiben)";0;0;0;0
2016;"D._sonstige Angaben zu den Geschäftsjahren zwei bis fünf";"D.8._Deckungsrückstellung zum Ende des Geschäftsjahres (ohne FLV)";672432;753615;835636;911286
2017;"A.";"Ergebnisprognose des zweiten bis fünften Geschäftjahres";;;;
2017;"A._Ergebnisprognose des zweiten bis fünften Geschäftjahres";"A.1._Verdiente Beiträge für eigene Rechnung";40870;40709;40341;39908
2017;"A._Ergebnisprognose des zweiten bis fünften Geschäftjahres";"A.2._Beiträge aus der Brutto-Rückstellung für Beitragsrückerstattung";202;56;58;71
2017;"A._Ergebnisprognose des zweiten bis fünften Geschäftjahres";"A.3._Erträge aus Kapitalanlagen";26086;32056;31034;32474
2017;"A._Ergebnisprognose des zweiten bis fünften Geschäftjahres";"A.3.1._davon: laufende Erträge aus Kapitalanlagen (Nw. 201, S. 1, Spalte 1, Zeile 26 ./. Zeile 25)";22986;22756;21134;16774
2017;"A._Ergebnisprognose des zweiten bis fünften Geschäftjahres";"A.3.2._davon: übrige Erträge aus Kapitalanlagen (Nw. 201, S. 1, Spalte 2, Zeile 26 ./. Zeile 25)";3100;9300;9900;15700
2017;"A._Ergebnisprognose des zweiten bis fünften Geschäftjahres";"A.4._Nicht realisierte Gewinne aus Kapitalanlagen";410;410;412;412
2017;"A._Ergebnisprognose des zweiten bis fünften Geschäftjahres";"A.5._Sonstige versicherungstechnische Erträge für eigene Rechnung";5041;41;41;121
2017;"A._Ergebnisprognose des zweiten bis fünften Geschäftjahres";"A.6._Aufwendungen für Versicherungsfälle für eigene Rechnung";16661;18636;21008;22461
2017;"A._Ergebnisprognose des zweiten bis fünften Geschäftjahres";"A.7._Veränderung der übrigen versicherungstechnischen Netto-Rückstellungen";49436;48885;46041;45926
2017;"A._Ergebnisprognose des zweiten bis fünften Geschäftjahres";"A.8._Aufwendungen für die erfolgsabhängige Beitragsrückerstattung für eigene Rechnung";425;464;437;364
2017;"A._Ergebnisprognose des zweiten bis fünften Geschäftjahres";"A.9._Aufwendungen für den Versicherungsbetrieb für eigene Rechnung";1347;1313;1291;1291
2017;"A._Ergebnisprognose des zweiten bis fünften Geschäftjahres";"A.10._Aufwendungen für Kapitalanlagen";4289;3555;2705;2555
2017;"A._Ergebnisprognose des zweiten bis fünften Geschäftjahres";"A.10.1._davon: laufende Aufwendungen für Kapitalanlagen (Nw. 201, S. 1, Spalte 3, Zeile 26 ./. Zeile 25)";1231;1327;1376;1376
2017;"A._Ergebnisprognose des zweiten bis fünften Geschäftjahres";"A.10.2._davon: übrige Aufwendungen für Kapitalanlagen (Nw. 201, S. 1, Spalte 4, Zeile 26 ./. Zeile 25)";3058;2228;1329;1179
2017;"A._Ergebnisprognose des zweiten bis fünften Geschäftjahres";"A.11._Nicht realisierte Verluste aus Kapitalanlagen";0;0;0;0
2017;"A._Ergebnisprognose des zweiten bis fünften Geschäftjahres";"A.12._Sonstige versicherungstechnische Aufwendungen für eigene Rechnung";67;42;24;12
2017;"A._Ergebnisprognose des zweiten bis fünften Geschäftjahres";"A.13._Versicherungstechnisches Ergebnis für eigene Rechnung";384;377;380;377
2017;"A._Ergebnisprognose des zweiten bis fünften Geschäftjahres";"A.14._Saldo der Posten II.1., II.2., II.4., II.5. und II.7. bis II.10. aus Formblatt 3 RechVersV";-344;-337;-340;-337
2017;"A._Ergebnisprognose des zweiten bis fünften Geschäftjahres";"A.16._Jahresüberschuss/Jahresfehlbetrag";40;40;40;40
2017;"A._Ergebnisprognose des zweiten bis fünften Geschäftjahres";"A.17._nachrichtlich: Ergebnis aus dem abgegebenen VG";0;0;0;0
2017;"B.";"Angaben zur Solvabilität zum Ende des zweiten bis fünften Geschäftsjahres";;;;
2017;"B._Angaben zur Solvabilität zum Ende des zweiten bis fünften Geschäftsjahres";"B.1._Eigenmittel A (gem. Rundschreiben 4/2005 (VA))";31749;32001;32209;32378
2017;"B._Angaben zur Solvabilität zum Ende des zweiten bis fünften Geschäftsjahres";"B.2._davon: ungebundene, zur Verlustdeckung verwendbare Rückstellung für Beitragsrückerstattung (inkl. SÜAF, entsprechend NW 702 Seite 1, Zeile 19)";8534;8745;8913;9042
2017;"B._Angaben zur Solvabilität zum Ende des zweiten bis fünften Geschäftsjahres";"B.3._Eigenmittel B (gem. Rundschreiben 4/2005 (VA))";;;;
2017;"B._Angaben zur Solvabilität zum Ende des zweiten bis fünften Geschäftsjahres";"B.4._davon: stille Nettoreserven";;;;
2017;"B._Angaben zur Solvabilität zum Ende des zweiten bis fünften Geschäftsjahres";"B.5._Mindestbetrag der Mindestkapitalanforderung";;;;
2017;"B._Angaben zur Solvabilität zum Ende des zweiten bis fünften Geschäftsjahres";"B.6._Solvabilitätskapitalanforderung";27635;29544;31336;33121
2017;"C.";"Zusatzangaben zu Kapitalanlagen und zum Sicherungsbedarf für das zweite bis fünfte Geschäftsjahr";;;;
2017;"C._Zusatzangaben zu Kapitalanlagen und zum Sicherungsbedarf für das zweite bis fünfte Geschäftsjahr";"C.1._Unsaldierte stille Reserven zum Ende des zweiten bis fünften Geschäftsjahres";44188;36752;24087;2597
2017;"C._Zusatzangaben zu Kapitalanlagen und zum Sicherungsbedarf für das zweite bis fünfte Geschäftsjahr";"C.2._davon: in zum Nennwert bilanzierten Kapitalanlagen";11047;9188;6022;649
2017;"C._Zusatzangaben zu Kapitalanlagen und zum Sicherungsbedarf für das zweite bis fünfte Geschäftsjahr";"C.3._davon: in Immobilien";0;0;0;0
2017;"C._Zusatzangaben zu Kapitalanlagen und zum Sicherungsbedarf für das zweite bis fünfte Geschäftsjahr";"C.4._davon: in Anteilen an verbundenen Unternehmen und Beteiligungen";0;0;0;0
2017;"C._Zusatzangaben zu Kapitalanlagen und zum Sicherungsbedarf für das zweite bis fünfte Geschäftsjahr";"C.5._Unsaldierte stille Lasten zum Ende des zweiten bis fünften Geschäftsjahres";0;0;0;0
2017;"C._Zusatzangaben zu Kapitalanlagen und zum Sicherungsbedarf für das zweite bis fünfte Geschäftsjahr";"C.6._davon: in zum Nennwert bilanzierten Kapitalanlagen";0;0;0;0
2017;"C._Zusatzangaben zu Kapitalanlagen und zum Sicherungsbedarf für das zweite bis fünfte Geschäftsjahr";"C.7._Neu- und Wiederanlage (ohne FLV) im zweiten bis fünften Geschäftsjahr";74044;65889;199900;321328
2017;"C._Zusatzangaben zu Kapitalanlagen und zum Sicherungsbedarf für das zweite bis fünfte Geschäftsjahr";"C.8._Buchwert der Kapitalanlagen zum Ende des zweiten bis fünften Geschäftsjahres (Formblatt 1, Aktivseite, C., RechVersV)";703837;742550;788994;838040
2017;"C._Zusatzangaben zu Kapitalanlagen und zum Sicherungsbedarf für das zweite bis fünfte Geschäftsjahr";"C.9._Bewertungsreserven in festverzinslichen Anlagen und Zinsabsicherungsgeschäften gem. § 139 Abs. 3 VAG";44188;36752;24087;2597
2017;"C._Zusatzangaben zu Kapitalanlagen und zum Sicherungsbedarf für das zweite bis fünfte Geschäftsjahr";"C.10._Sicherungsbedarf gem. § 139 Abs. 4 VAG";146671;139452;132415;123744
2017;"D.";"sonstige Angaben zu den Geschäftsjahren zwei bis fünf";;;;
2017;"D._sonstige Angaben zu den Geschäftsjahren zwei bis fünf";"D.1._Veränderung der Deckungsrückstellung zur Verstärkung der Rechnungsgrundlage Zins für aufsichtsrechtlich genehmigte Tarife  (in A.7. enthalten)";426;387;300;212
2017;"D._sonstige Angaben zu den Geschäftsjahren zwei bis fünf";"D.2._Veränderung der Deckungsrückstellung zur Verstärkung der Rechnungsgrundlage Zins für aufsichtsrechtlich nicht genehmigte Tarife (Zinszusatzreserve gem. § 5 Abs.3 DeckRV; in A.7. enthalten)";10009;10908;10085;11235
2017;"D._sonstige Angaben zu den Geschäftsjahren zwei bis fünf";"D.3._Veränderung der Deckungsrückstellung zur Verstärkung anderer, bereits feststehender Rechnungsgrundlagen für aufsichtsrechtlich genehmigte und nicht genehmigte Tarife (in A.7. enthalten)";712;605;488;408
2017;"D._sonstige Angaben zu den Geschäftsjahren zwei bis fünf";"D.4._Veränderung der Deckungsrückstellung zur Verstärkung der Rechnungsgrundlagen (Zins und andere), die nicht schon in D.1. bis D.3. enthalten ist (in A.7. enthalten)";0;0;0;0
2017;"D._sonstige Angaben zu den Geschäftsjahren zwei bis fünf";"D.5._Durchschnittlicher Rechnungszins des zweiten bis fünften Geschäftsjahres in %";2,54;2,42;2,3;2,19
2017;"D._sonstige Angaben zu den Geschäftsjahren zwei bis fünf";"D.6._Erwarten Sie für das zweite bis fünfte Geschäftsjahr einen Antrag auf Reduzierung der Mindestzuführung zur RfB gem. MindZV zu stellen? Antwortmöglichkeiten: 0=nein, 1=ja (bei Möglichkeit 1 bitte Erläuterung im Anschreiben).";0;0;0;0
2017;"D._sonstige Angaben zu den Geschäftsjahren zwei bis fünf";"D.7._Erwarten Sie für das zweite bis fünfte Geschäftsjahr einen Antrag auf Entnahme aus der RfB aufgrund § 140 Abs. 1 Satz 2 VAG zu stellen? Antwortmöglichkeiten: 0=nein, 1=ja (bei Möglichkeit 1 bitte Erläuterung im Anschreiben)";1;0;0;0
2017;"D._sonstige Angaben zu den Geschäftsjahren zwei bis fünf";"D.8._Deckungsrückstellung zum Ende des Geschäftsjahres (ohne FLV)";675236;722804;767551;812221
2018;"A.";"Ergebnisprognose des zweiten bis fünften Geschäftjahres";;;;
2018;"A._Ergebnisprognose des zweiten bis fünften Geschäftjahres";"A.1._Verdiente Beiträge für eigene Rechnung";38872;38483;37902;37212
2018;"A._Ergebnisprognose des zweiten bis fünften Geschäftjahres";"A.2._Beiträge aus der Brutto-Rückstellung für Beitragsrückerstattung";140;101;116;91
2018;"A._Ergebnisprognose des zweiten bis fünften Geschäftjahres";"A.3._Erträge aus Kapitalanlagen";25080;25920;26646;27050
2018;"A._Ergebnisprognose des zweiten bis fünften Geschäftjahres";"A.3.1._davon: laufende Erträge aus Kapitalanlagen (Nw. 201, S. 1, Spalte 1, Zeile 26 ./. Zeile 25)";23180;23520;23346;22050
2018;"A._Ergebnisprognose des zweiten bis fünften Geschäftjahres";"A.3.2._davon: übrige Erträge aus Kapitalanlagen (Nw. 201, S. 1, Spalte 2, Zeile 26 ./. Zeile 25)";1900;2400;3300;5000
2018;"A._Ergebnisprognose des zweiten bis fünften Geschäftjahres";"A.4._Nicht realisierte Gewinne aus Kapitalanlagen";635;706;778;864
2018;"A._Ergebnisprognose des zweiten bis fünften Geschäftjahres";"A.5._Sonstige versicherungstechnische Erträge für eigene Rechnung";25;26;119;45
2018;"A._Ergebnisprognose des zweiten bis fünften Geschäftjahres";"A.6._Aufwendungen für Versicherungsfälle für eigene Rechnung";18420;21387;22836;25117
2018;"A._Ergebnisprognose des zweiten bis fünften Geschäftjahres";"A.7._Veränderung der übrigen versicherungstechnischen Netto-Rückstellungen";41896;39401;38242;35678
2018;"A._Ergebnisprognose des zweiten bis fünften Geschäftjahres";"A.8._Aufwendungen für die erfolgsabhängige Beitragsrückerstattung für eigene Rechnung";23;23;67;56
2018;"A._Ergebnisprognose des zweiten bis fünften Geschäftjahres";"A.9._Aufwendungen für den Versicherungsbetrieb für eigene Rechnung";1576;1555;1546;1541
2018;"A._Ergebnisprognose des zweiten bis fünften Geschäftjahres";"A.10._Aufwendungen für Kapitalanlagen";2533;2576;2576;2576
2018;"A._Ergebnisprognose des zweiten bis fünften Geschäftjahres";"A.10.1._davon: laufende Aufwendungen für Kapitalanlagen (Nw. 201, S. 1, Spalte 3, Zeile 26 ./. Zeile 25)";1345;1387;1387;1387
2018;"A._Ergebnisprognose des zweiten bis fünften Geschäftjahres";"A.10.2._davon: übrige Aufwendungen für Kapitalanlagen (Nw. 201, S. 1, Spalte 4, Zeile 26 ./. Zeile 25)";1189;1189;1189;1189
2018;"A._Ergebnisprognose des zweiten bis fünften Geschäftjahres";"A.11._Nicht realisierte Verluste aus Kapitalanlagen";0;0;0;0
2018;"A._Ergebnisprognose des zweiten bis fünften Geschäftjahres";"A.12._Sonstige versicherungstechnische Aufwendungen für eigene Rechnung";21;11;11;11
2018;"A._Ergebnisprognose des zweiten bis fünften Geschäftjahres";"A.13._Versicherungstechnisches Ergebnis für eigene Rechnung";283;283;283;283
2018;"A._Ergebnisprognose des zweiten bis fünften Geschäftjahres";"A.14._Saldo der Posten II.1., II.2., II.4., II.5. und II.7. bis II.10. aus Formblatt 3 RechVersV";-283;-283;-283;-283
2018;"A._Ergebnisprognose des zweiten bis fünften Geschäftjahres";"A.16._Jahresüberschuss/Jahresfehlbetrag";0;0;0;0
2018;"A._Ergebnisprognose des zweiten bis fünften Geschäftjahres";"A.17._nachrichtlich: Ergebnis aus dem abgegebenen VG";0;0;0;0
2018;"B.";"Angaben zur Solvabilität zum Ende des zweiten bis fünften Geschäftsjahres";;;;
2018;"B._Angaben zur Solvabilität zum Ende des zweiten bis fünften Geschäftsjahres";"B.1._Eigenmittel A (gem. Rundschreiben 4/2005 (VA))";36913;36687;36528;36517
2018;"B._Angaben zur Solvabilität zum Ende des zweiten bis fünften Geschäftsjahres";"B.2._davon: ungebundene, zur Verlustdeckung verwendbare Rückstellung für Beitragsrückerstattung (inkl. SÜAF, entsprechend NW 702 Seite 1, Zeile 19)";13182;12957;12797;12587
2018;"B._Angaben zur Solvabilität zum Ende des zweiten bis fünften Geschäftsjahres";"B.3._Eigenmittel B (gem. Rundschreiben 4/2005 (VA))";;;;
2018;"B._Angaben zur Solvabilität zum Ende des zweiten bis fünften Geschäftsjahres";"B.4._davon: stille Nettoreserven";;;;
2018;"B._Angaben zur Solvabilität zum Ende des zweiten bis fünften Geschäftsjahres";"B.5._Mindestbetrag der Mindestkapitalanforderung";;;;
2018;"B._Angaben zur Solvabilität zum Ende des zweiten bis fünften Geschäftsjahres";"B.6._Solvabilitätskapitalanforderung";30285;31852;33366;34775
2018;"C.";"Zusatzangaben zu Kapitalanlagen und zum Sicherungsbedarf für das zweite bis fünfte Geschäftsjahr";;;;
2018;"C._Zusatzangaben zu Kapitalanlagen und zum Sicherungsbedarf für das zweite bis fünfte Geschäftsjahr";"C.1._Unsaldierte stille Reserven zum Ende des zweiten bis fünften Geschäftsjahres";36018;31251;25899;19203
2018;"C._Zusatzangaben zu Kapitalanlagen und zum Sicherungsbedarf für das zweite bis fünfte Geschäftsjahr";"C.2._davon: in zum Nennwert bilanzierten Kapitalanlagen";7204;7204;7204;7204
2018;"C._Zusatzangaben zu Kapitalanlagen und zum Sicherungsbedarf für das zweite bis fünfte Geschäftsjahr";"C.3._davon: in Immobilien";0;0;0;0
2018;"C._Zusatzangaben zu Kapitalanlagen und zum Sicherungsbedarf für das zweite bis fünfte Geschäftsjahr";"C.4._davon: in Anteilen an verbundenen Unternehmen und Beteiligungen";0;0;0;0
2018;"C._Zusatzangaben zu Kapitalanlagen und zum Sicherungsbedarf für das zweite bis fünfte Geschäftsjahr";"C.5._Unsaldierte stille Lasten zum Ende des zweiten bis fünften Geschäftsjahres";3145;3044;2948;2857
2018;"C._Zusatzangaben zu Kapitalanlagen und zum Sicherungsbedarf für das zweite bis fünfte Geschäftsjahr";"C.6._davon: in zum Nennwert bilanzierten Kapitalanlagen";629;629;629;629
2018;"C._Zusatzangaben zu Kapitalanlagen und zum Sicherungsbedarf für das zweite bis fünfte Geschäftsjahr";"C.7._Neu- und Wiederanlage (ohne FLV) im zweiten bis fünften Geschäftsjahr";61018;62943;61926;116654
2018;"C._Zusatzangaben zu Kapitalanlagen und zum Sicherungsbedarf für das zweite bis fünfte Geschäftsjahr";"C.8._Buchwert der Kapitalanlagen zum Ende des zweiten bis fünften Geschäftsjahres (Formblatt 1, Aktivseite, C., RechVersV)";756017;793685;830510;863443
2018;"C._Zusatzangaben zu Kapitalanlagen und zum Sicherungsbedarf für das zweite bis fünfte Geschäftsjahr";"C.9._Bewertungsreserven in festverzinslichen Anlagen und Zinsabsicherungsgeschäften gem. § 139 Abs. 3 VAG";34000;29334;24078;17473
2018;"C._Zusatzangaben zu Kapitalanlagen und zum Sicherungsbedarf für das zweite bis fünfte Geschäftsjahr";"C.10._Sicherungsbedarf gem. § 139 Abs. 4 VAG";160372;158585;156011;152841
2018;"D.";"sonstige Angaben zu den Geschäftsjahren zwei bis fünf";;;;
2018;"D._sonstige Angaben zu den Geschäftsjahren zwei bis fünf";"D.1._Veränderung der Deckungsrückstellung zur Verstärkung der Rechnungsgrundlage Zins für aufsichtsrechtlich genehmigte Tarife  (in A.7. enthalten)";2043;2218;2176;2105
2018;"D._sonstige Angaben zu den Geschäftsjahren zwei bis fünf";"D.2._Veränderung der Deckungsrückstellung zur Verstärkung der Rechnungsgrundlage Zins für aufsichtsrechtlich nicht genehmigte Tarife (Zinszusatzreserve gem. § 5 Abs.3 DeckRV; in A.7. enthalten)";3432;3342;3521;3408
2018;"D._sonstige Angaben zu den Geschäftsjahren zwei bis fünf";"D.3._Veränderung der Deckungsrückstellung zur Verstärkung anderer, bereits feststehender Rechnungsgrundlagen für aufsichtsrechtlich genehmigte und nicht genehmigte Tarife (in A.7. enthalten)";716;560;437;298
2018;"D._sonstige Angaben zu den Geschäftsjahren zwei bis fünf";"D.4._Veränderung der Deckungsrückstellung zur Verstärkung der Rechnungsgrundlagen (Zins und andere), die nicht schon in D.1. bis D.3. enthalten ist (in A.7. enthalten)";0;0;0;0
2018;"D._sonstige Angaben zu den Geschäftsjahren zwei bis fünf";"D.5._Durchschnittlicher Rechnungszins des zweiten bis fünften Geschäftsjahres in %";2,53;2,47;2,41;2,36
2018;"D._sonstige Angaben zu den Geschäftsjahren zwei bis fünf";"D.6._Erwarten Sie für das zweite bis fünfte Geschäftsjahr einen Antrag auf Reduzierung der Mindestzuführung zur RfB gem. MindZV zu stellen? Antwortmöglichkeiten: 0=nein, 1=ja (bei Möglichkeit 1 bitte Erläuterung im Erläuterungsbogen).";0;0;0;1
2018;"D._sonstige Angaben zu den Geschäftsjahren zwei bis fünf";"D.7._Erwarten Sie für das zweite bis fünfte Geschäftsjahr einen Antrag auf Entnahme aus der RfB aufgrund § 140 Abs. 1 Satz 2 VAG zu stellen? Antwortmöglichkeiten: 0=nein, 1=ja (bei Möglichkeit 1 bitte Erläuterung im Erläuterungsbogen)";0;0;0;0
2018;"D._sonstige Angaben zu den Geschäftsjahren zwei bis fünf";"D.8._Deckungsrückstellung zum Ende des Geschäftsjahres (ohne FLV)";708897;746764;783436;817490
2019;"A.";"Ergebnisprognose des zweiten bis fünften Geschäftjahres";;;;
2019;"A._Ergebnisprognose des zweiten bis fünften Geschäftjahres";"A.1._Verdiente Beiträge für eigene Rechnung";36508;35744;34802;33602
2019;"A._Ergebnisprognose des zweiten bis fünften Geschäftjahres";"A.2._Beiträge aus der Brutto-Rückstellung für Beitragsrückerstattung";137;109;79;92
2019;"A._Ergebnisprognose des zweiten bis fünften Geschäftjahres";"A.3._Erträge aus Kapitalanlagen";27583;30166;30412;30520
2019;"A._Ergebnisprognose des zweiten bis fünften Geschäftjahres";"A.3.1._davon: laufende Erträge aus Kapitalanlagen (Nw. 201, S. 1, Spalte 1, Zeile 26 ./. Zeile 25)";21083;20466;18612;16520
2019;"A._Ergebnisprognose des zweiten bis fünften Geschäftjahres";"A.3.2._davon: übrige Erträge aus Kapitalanlagen (Nw. 201, S. 1, Spalte 2, Zeile 26 ./. Zeile 25)";6500;9700;11800;14000
2019;"A._Ergebnisprognose des zweiten bis fünften Geschäftjahres";"A.4._Nicht realisierte Gewinne aus Kapitalanlagen";362;402;442;481
2019;"A._Ergebnisprognose des zweiten bis fünften Geschäftjahres";"A.5._Sonstige versicherungstechnische Erträge für eigene Rechnung";33;27;24;23
2019;"A._Ergebnisprognose des zweiten bis fünften Geschäftjahres";"A.6._Aufwendungen für Versicherungsfälle für eigene Rechnung";22759;25098;27685;31052
2019;"A._Ergebnisprognose des zweiten bis fünften Geschäftjahres";"A.7._Veränderung der übrigen versicherungstechnischen Netto-Rückstellungen";37036;36557;33366;28574
2019;"A._Ergebnisprognose des zweiten bis fünften Geschäftjahres";"A.8._Aufwendungen für die erfolgsabhängige Beitragsrückerstattung für eigene Rechnung";286;253;146;523
2019;"A._Ergebnisprognose des zweiten bis fünften Geschäftjahres";"A.9._Aufwendungen für den Versicherungsbetrieb für eigene Rechnung";1429;1404;1385;1380
2019;"A._Ergebnisprognose des zweiten bis fünften Geschäftjahres";"A.10._Aufwendungen für Kapitalanlagen";2787;2810;2848;2859
2019;"A._Ergebnisprognose des zweiten bis fünften Geschäftjahres";"A.10.1._davon: laufende Aufwendungen für Kapitalanlagen (Nw. 201, S. 1, Spalte 3, Zeile 26 ./. Zeile 25)";1371;1394;1432;1443
2019;"A._Ergebnisprognose des zweiten bis fünften Geschäftjahres";"A.10.2._davon: übrige Aufwendungen für Kapitalanlagen (Nw. 201, S. 1, Spalte 4, Zeile 26 ./. Zeile 25)";1416;1416;1416;1416
2019;"A._Ergebnisprognose des zweiten bis fünften Geschäftjahres";"A.11._Nicht realisierte Verluste aus Kapitalanlagen";0;0;0;0
2019;"A._Ergebnisprognose des zweiten bis fünften Geschäftjahres";"A.12._Sonstige versicherungstechnische Aufwendungen für eigene Rechnung";16;15;16;17
2019;"A._Ergebnisprognose des zweiten bis fünften Geschäftjahres";"A.13._Versicherungstechnisches Ergebnis für eigene Rechnung";310;311;313;313
2019;"A._Ergebnisprognose des zweiten bis fünften Geschäftjahres";"A.14._Saldo der Posten II.1., II.2., II.4., II.5. und II.7. bis II.10. aus Formblatt 3 RechVersV";-260;-261;-263;-263
2019;"A._Ergebnisprognose des zweiten bis fünften Geschäftjahres";"A.16._Jahresüberschuss/Jahresfehlbetrag";50;50;50;50
2019;"A._Ergebnisprognose des zweiten bis fünften Geschäftjahres";"A.17._nachrichtlich: Ergebnis aus dem abgegebenen VG";0;0;0;0
2019;"B.";"Angaben zur Solvabilität zum Ende des zweiten bis fünften Geschäftsjahres";;;;
2019;"B._Angaben zur Solvabilität zum Ende des zweiten bis fünften Geschäftsjahres";"B.1._Eigenmittel A (gem. Rundschreiben 4/2005 (VA))";36181;36094;35936;36161
2019;"B._Angaben zur Solvabilität zum Ende des zweiten bis fünften Geschäftsjahres";"B.2._davon: ungebundene, zur Verlustdeckung verwendbare Rückstellung für Beitragsrückerstattung (inkl. SÜAF, entsprechend NW 702 Seite 1, Zeile 19)";12230;12094;11885;12060
2019;"B._Angaben zur Solvabilität zum Ende des zweiten bis fünften Geschäftsjahres";"B.3._Eigenmittel B (gem. Rundschreiben 4/2005 (VA))";;;;
2019;"B._Angaben zur Solvabilität zum Ende des zweiten bis fünften Geschäftsjahres";"B.4._davon: stille Nettoreserven";;;;
2019;"B._Angaben zur Solvabilität zum Ende des zweiten bis fünften Geschäftsjahres";"B.5._Mindestbetrag der Mindestkapitalanforderung";;;;
2019;"B._Angaben zur Solvabilität zum Ende des zweiten bis fünften Geschäftsjahres";"B.6._Solvabilitätskapitalanforderung";31475;32931;34254;35381
2019;"C.";"Zusatzangaben zu Kapitalanlagen und zum Sicherungsbedarf für das zweite bis fünfte Geschäftsjahr";;;;
2019;"C._Zusatzangaben zu Kapitalanlagen und zum Sicherungsbedarf für das zweite bis fünfte Geschäftsjahr";"C.1._Unsaldierte stille Reserven zum Ende des zweiten bis fünften Geschäftsjahres";112575;94892;75855;55602
2019;"C._Zusatzangaben zu Kapitalanlagen und zum Sicherungsbedarf für das zweite bis fünfte Geschäftsjahr";"C.2._davon: in zum Nennwert bilanzierten Kapitalanlagen";22515;18978;15171;11120
2019;"C._Zusatzangaben zu Kapitalanlagen und zum Sicherungsbedarf für das zweite bis fünfte Geschäftsjahr";"C.3._davon: in Immobilien";0;0;0;0
2019;"C._Zusatzangaben zu Kapitalanlagen und zum Sicherungsbedarf für das zweite bis fünfte Geschäftsjahr";"C.4._davon: in Anteilen an verbundenen Unternehmen und Beteiligungen";0;0;0;0
2019;"C._Zusatzangaben zu Kapitalanlagen und zum Sicherungsbedarf für das zweite bis fünfte Geschäftsjahr";"C.5._Unsaldierte stille Lasten zum Ende des zweiten bis fünften Geschäftsjahres";2077;2077;2077;2077
2019;"C._Zusatzangaben zu Kapitalanlagen und zum Sicherungsbedarf für das zweite bis fünfte Geschäftsjahr";"C.6._davon: in zum Nennwert bilanzierten Kapitalanlagen";415;415;415;415
2019;"C._Zusatzangaben zu Kapitalanlagen und zum Sicherungsbedarf für das zweite bis fünfte Geschäftsjahr";"C.7._Neu- und Wiederanlage (ohne FLV) im zweiten bis fünften Geschäftsjahr";59557;80466;115994;113745
2019;"C._Zusatzangaben zu Kapitalanlagen und zum Sicherungsbedarf für das zweite bis fünfte Geschäftsjahr";"C.8._Buchwert der Kapitalanlagen zum Ende des zweiten bis fünften Geschäftsjahres (Formblatt 1, Aktivseite, C., RechVersV)";778337;813513;845353;872822
2019;"C._Zusatzangaben zu Kapitalanlagen und zum Sicherungsbedarf für das zweite bis fünfte Geschäftsjahr";"C.9._Bewertungsreserven in festverzinslichen Anlagen und Zinsabsicherungsgeschäften gem. § 139 Abs. 3 VAG";111759;94076;75040;54786
2019;"C._Zusatzangaben zu Kapitalanlagen und zum Sicherungsbedarf für das zweite bis fünfte Geschäftsjahr";"C.10._Sicherungsbedarf gem. § 139 Abs. 4 VAG";335808;326209;315430;304063
2019;"D.";"sonstige Angaben zu den Geschäftsjahren zwei bis fünf";;;;
2019;"D._sonstige Angaben zu den Geschäftsjahren zwei bis fünf";"D.1._Veränderung der Deckungsrückstellung zur Verstärkung der Rechnungsgrundlage Zins für aufsichtsrechtlich genehmigte Tarife  (in A.7. enthalten)";748;864;886;725
2019;"D._sonstige Angaben zu den Geschäftsjahren zwei bis fünf";"D.2._Veränderung der Deckungsrückstellung zur Verstärkung der Rechnungsgrundlage Zins für aufsichtsrechtlich nicht genehmigte Tarife (Zinszusatzreserve gem. § 5 Abs.3 DeckRV; in A.7. enthalten)";6323;8198;7925;7270
2019;"D._sonstige Angaben zu den Geschäftsjahren zwei bis fünf";"D.3._Veränderung der Deckungsrückstellung zur Verstärkung anderer, bereits feststehender Rechnungsgrundlagen für aufsichtsrechtlich genehmigte und nicht genehmigte Tarife (in A.7. enthalten)";588;445;313;243
2019;"D._sonstige Angaben zu den Geschäftsjahren zwei bis fünf";"D.4._Veränderung der Deckungsrückstellung zur Verstärkung der Rechnungsgrundlagen (Zins und andere), die nicht schon in D.1. bis D.3. enthalten ist (in A.7. enthalten)";0;0;0;0
2019;"D._sonstige Angaben zu den Geschäftsjahren zwei bis fünf";"D.5._Durchschnittlicher Rechnungszins des zweiten bis fünften Geschäftsjahres in %";2,46;2,38;2,29;2,2
2019;"D._sonstige Angaben zu den Geschäftsjahren zwei bis fünf";"D.6._Erwarten Sie für das zweite bis fünfte Geschäftsjahr einen Antrag auf Reduzierung der Mindestzuführung zur RfB gem. MindZV zu stellen? Antwortmöglichkeiten: 0=nein, 1=ja (bei Möglichkeit 1 bitte Erläuterung im Erläuterungsbogen).";0;1;1;0
2019;"D._sonstige Angaben zu den Geschäftsjahren zwei bis fünf";"D.7._Erwarten Sie für das zweite bis fünfte Geschäftsjahr einen Antrag auf Entnahme aus der RfB aufgrund § 140 Abs. 1 Satz 2 VAG zu stellen? Antwortmöglichkeiten: 0=nein, 1=ja (bei Möglichkeit 1 bitte Erläuterung im Erläuterungsbogen)";0;0;0;0
2019;"D._sonstige Angaben zu den Geschäftsjahren zwei bis fünf";"D.8._Deckungsrückstellung zum Ende des Geschäftsjahres (ohne FLV)";741993;777402;809638;837107
2019;"D._sonstige Angaben zu den Geschäftsjahren zwei bis fünf";"D.9._Im Rahmen der Prognoserechnung angesetzte Unterstützung durch Aktionäre / Trägerunternehmen / gruppenangehörige Unternehmen";0;0;0;0
2019;"D._sonstige Angaben zu den Geschäftsjahren zwei bis fünf";"D.10._Zugeteilte Überschussanteile";559;457;396;361
2019;"D._sonstige Angaben zu den Geschäftsjahren zwei bis fünf";"D.11._davon verpflichtend";559;169;177;203
2019;"D._sonstige Angaben zu den Geschäftsjahren zwei bis fünf";"D.12._davon befristete ZVK-Leistung";0;0;0;0
2020;"A.";"Ergebnisprognose des zweiten bis fünften Geschäftsjahres";;;;
2020;"A._Ergebnisprognose des zweiten bis fünften Geschäftsjahres";"A.1._Verdiente Beiträge für eigene Rechnung";33974;33289;32337;31241
2020;"A._Ergebnisprognose des zweiten bis fünften Geschäftsjahres";"A.2._Beiträge aus der Brutto-Rückstellung für Beitragsrückerstattung";81;91;114;123
2020;"A._Ergebnisprognose des zweiten bis fünften Geschäftsjahres";"A.3._Erträge aus Kapitalanlagen";28948;29723;29722;30319
2020;"A._Ergebnisprognose des zweiten bis fünften Geschäftsjahres";"A.3.1._davon: laufende Erträge aus Kapitalanlagen (Nw. 201, S. 1, Spalte 1, Zeile 26 ./. Zeile 25)";22748;22173;21722;19919
2020;"A._Ergebnisprognose des zweiten bis fünften Geschäftsjahres";"A.3.2._davon: übrige Erträge aus Kapitalanlagen (Nw. 201, S. 1, Spalte 2, Zeile 26 ./. Zeile 25)";6200;7550;8000;10400
2020;"A._Ergebnisprognose des zweiten bis fünften Geschäftsjahres";"A.4._Nicht realisierte Gewinne aus Kapitalanlagen";437;313;190;202
2020;"A._Ergebnisprognose des zweiten bis fünften Geschäftsjahres";"A.5._Sonstige versicherungstechnische Erträge für eigene Rechnung";29;26;22;22
2020;"A._Ergebnisprognose des zweiten bis fünften Geschäftsjahres";"A.6._Aufwendungen für Versicherungsfälle für eigene Rechnung";22973;25326;29475;30911
2020;"A._Ergebnisprognose des zweiten bis fünften Geschäftsjahres";"A.7._Veränderung der übrigen versicherungstechnischen Netto-Rückstellungen";37261;34883;29641;27658
2020;"A._Ergebnisprognose des zweiten bis fünften Geschäftsjahres";"A.8._Aufwendungen für die erfolgsabhängige Beitragsrückerstattung für eigene Rechnung";209;173;136;133
2020;"A._Ergebnisprognose des zweiten bis fünften Geschäftsjahres";"A.9._Aufwendungen für den Versicherungsbetrieb für eigene Rechnung";1291;1270;1259;1255
2020;"A._Ergebnisprognose des zweiten bis fünften Geschäftsjahres";"A.10._Aufwendungen für Kapitalanlagen";1308;1326;1326;1337
2020;"A._Ergebnisprognose des zweiten bis fünften Geschäftsjahres";"A.10.1._davon: laufende Aufwendungen für Kapitalanlagen (Nw. 201, S. 1, Spalte 3, Zeile 26 ./. Zeile 25)";1308;1326;1326;1337
2020;"A._Ergebnisprognose des zweiten bis fünften Geschäftsjahres";"A.10.2._davon: übrige Aufwendungen für Kapitalanlagen (Nw. 201, S. 1, Spalte 4, Zeile 26 ./. Zeile 25)";0;0;0;0
2020;"A._Ergebnisprognose des zweiten bis fünften Geschäftsjahres";"A.11._Nicht realisierte Verluste aus Kapitalanlagen";0;0;0;0
2020;"A._Ergebnisprognose des zweiten bis fünften Geschäftsjahres";"A.12._Sonstige versicherungstechnische Aufwendungen für eigene Rechnung";114;152;238;303
2020;"A._Ergebnisprognose des zweiten bis fünften Geschäftsjahres";"A.13._Versicherungstechnisches Ergebnis für eigene Rechnung";313;312;310;310
2020;"A._Ergebnisprognose des zweiten bis fünften Geschäftsjahres";"A.14._Saldo der Posten II.1., II.2., II.4., II.5. und II.7. bis II.10. aus Formblatt 3 RechVersV";-263;-262;-260;-260
2020;"A._Ergebnisprognose des zweiten bis fünften Geschäftsjahres";"A.16._Jahresüberschuss/Jahresfehlbetrag";50;50;50;50
2020;"A._Ergebnisprognose des zweiten bis fünften Geschäftsjahres";"A.17._nachrichtlich: Ergebnis aus dem abgegebenen VG";0;0;0;0
2020;"B.";"Angaben zur Solvabilität zum Ende des zweiten bis fünften Geschäftsjahres";;;;
2020;"B._Angaben zur Solvabilität zum Ende des zweiten bis fünften Geschäftsjahres";"B.1._Eigenmittel A (gem. Rundschreiben 4/2005 (VA))";36622;36589;37304;38455
2020;"B._Angaben zur Solvabilität zum Ende des zweiten bis fünften Geschäftsjahres";"B.2._davon: ungebundene, zur Verlustdeckung verwendbare Rückstellung für Beitragsrückerstattung (inkl. SÜAF, entsprechend NW 702 Seite 1, Zeile 19)";12621;12538;12404;12290
2020;"B._Angaben zur Solvabilität zum Ende des zweiten bis fünften Geschäftsjahres";"B.3._Eigenmittel B (gem. Rundschreiben 4/2005 (VA))";;;;
2020;"B._Angaben zur Solvabilität zum Ende des zweiten bis fünften Geschäftsjahres";"B.4._davon: stille Nettoreserven";;;;
2020;"B._Angaben zur Solvabilität zum Ende des zweiten bis fünften Geschäftsjahres";"B.5._Mindestbetrag der Mindestkapitalanforderung";;;;
2020;"B._Angaben zur Solvabilität zum Ende des zweiten bis fünften Geschäftsjahres";"B.6._Solvabilitätskapitalanforderung";32965;34354;35528;36624
2020;"C.";"Zusatzangaben zu Kapitalanlagen und zum Sicherungsbedarf für das zweite bis fünfte Geschäftsjahr";;;;
2020;"C._Zusatzangaben zu Kapitalanlagen und zum Sicherungsbedarf für das zweite bis fünfte Geschäftsjahr";"C.1._Unsaldierte stille Reserven zum Ende des zweiten bis fünften Geschäftsjahres";120890;106757;93005;74202
2020;"C._Zusatzangaben zu Kapitalanlagen und zum Sicherungsbedarf für das zweite bis fünfte Geschäftsjahr";"C.2._davon: in zum Nennwert bilanzierten Kapitalanlagen";18133;16013;13951;11130
2020;"C._Zusatzangaben zu Kapitalanlagen und zum Sicherungsbedarf für das zweite bis fünfte Geschäftsjahr";"C.3._davon: in Immobilien";6629;6629;6629;6629
2020;"C._Zusatzangaben zu Kapitalanlagen und zum Sicherungsbedarf für das zweite bis fünfte Geschäftsjahr";"C.4._davon: in Anteilen an verbundenen Unternehmen und Beteiligungen";0;0;0;0
2020;"C._Zusatzangaben zu Kapitalanlagen und zum Sicherungsbedarf für das zweite bis fünfte Geschäftsjahr";"C.5._Unsaldierte stille Lasten zum Ende des zweiten bis fünften Geschäftsjahres";1242;1242;1242;1242
2020;"C._Zusatzangaben zu Kapitalanlagen und zum Sicherungsbedarf für das zweite bis fünfte Geschäftsjahr";"C.6._davon: in zum Nennwert bilanzierten Kapitalanlagen";0;0;0;0
2020;"C._Zusatzangaben zu Kapitalanlagen und zum Sicherungsbedarf für das zweite bis fünfte Geschäftsjahr";"C.7._Neu- und Wiederanlage (ohne FLV) im zweiten bis fünften Geschäftsjahr";62225;92781;93478;101748
2020;"C._Zusatzangaben zu Kapitalanlagen und zum Sicherungsbedarf für das zweite bis fünfte Geschäftsjahr";"C.8._Buchwert der Kapitalanlagen zum Ende des zweiten bis fünften Geschäftsjahres (Formblatt 1, Aktivseite, C., RechVersV)";819125;852688;881886;909557
2020;"C._Zusatzangaben zu Kapitalanlagen und zum Sicherungsbedarf für das zweite bis fünfte Geschäftsjahr";"C.9._Bewertungsreserven in festverzinslichen Anlagen und Zinsabsicherungsgeschäften gem. § 139 Abs. 3 VAG";111913;97780;84028;65225
2020;"C._Zusatzangaben zu Kapitalanlagen und zum Sicherungsbedarf für das zweite bis fünfte Geschäftsjahr";"C.10._Sicherungsbedarf gem. § 139 Abs. 4 VAG";317309;305780;293499;280352
2020;"D.";"Sonstige Angaben zu den Geschäftsjahren zwei bis fünf";;;;
2020;"D._Sonstige Angaben zu den Geschäftsjahren zwei bis fünf";"D.1._Veränderung der Deckungsrückstellung zur Verstärkung der Rechnungsgrundlage Zins für aufsichtsrechtlich genehmigte Tarife  (in A.7. enthalten)";583;639;559;475
2020;"D._Sonstige Angaben zu den Geschäftsjahren zwei bis fünf";"D.2._Veränderung der Deckungsrückstellung zur Verstärkung der Rechnungsgrundlage Zins für aufsichtsrechtlich nicht genehmigte Tarife (Zinszusatzreserve gem. § 5 Abs.3 DeckRV; in A.7. enthalten)";7766;7941;7397;7492
2020;"D._Sonstige Angaben zu den Geschäftsjahren zwei bis fünf";"D.3._Veränderung der Deckungsrückstellung zur Verstärkung anderer, bereits feststehender Rechnungsgrundlagen für aufsichtsrechtlich genehmigte und nicht genehmigte Tarife (in A.7. enthalten)";491;265;179;280
2020;"D._Sonstige Angaben zu den Geschäftsjahren zwei bis fünf";"D.4._Veränderung der Deckungsrückstellung zur Verstärkung der Rechnungsgrundlagen (Zins und andere), die nicht schon in D.1. bis D.3. enthalten ist (in A.7. enthalten)";0;0;0;0
2020;"D._Sonstige Angaben zu den Geschäftsjahren zwei bis fünf";"D.5._Durchschnittlicher Rechnungszins des zweiten bis fünften Geschäftsjahres in %";2,37;2,29;2,2;2,12
2020;"D._Sonstige Angaben zu den Geschäftsjahren zwei bis fünf";"D.6._Erwarten Sie für das zweite bis fünfte Geschäftsjahr einen Antrag auf Reduzierung der Mindestzuführung zur RfB gem. MindZV zu stellen? Antwortmöglichkeiten: 0=nein, 1=ja (bei Möglichkeit 1 bitte Erläuterung im Erläuterungsbogen).";1;1;1;1
2020;"D._Sonstige Angaben zu den Geschäftsjahren zwei bis fünf";"D.7._Erwarten Sie für das zweite bis fünfte Geschäftsjahr einen Antrag auf Entnahme aus der RfB aufgrund § 140 Abs. 1 Satz 2 VAG zu stellen? Antwortmöglichkeiten: 0=nein, 1=ja (bei Möglichkeit 1 bitte Erläuterung im Erläuterungsbogen)";0;0;0;0
2020;"D._Sonstige Angaben zu den Geschäftsjahren zwei bis fünf";"D.8._Deckungsrückstellung zum Ende des Geschäftsjahres, inkl. Verstärkungen (ohne FLV)";783333;816968;845508;872075
2020;"D._Sonstige Angaben zu den Geschäftsjahren zwei bis fünf";"D.9._Im Rahmen der Prognoserechnung angesetzte Unterstützung durch Aktionäre / Trägerunternehmen / gruppenangehörige Unternehmen";0;0;800;1215
2020;"D._Sonstige Angaben zu den Geschäftsjahren zwei bis fünf";"D.10._Zum Zwecke der Leistungserhöhung oder Verrechnung mit sonst zu zahlenden Beiträgen verwendete / entnommene Beträge aus Rohüberschuss, aus der RfB oder aus vergleichbaren Rückstellungen";328;400;578;704
2020;"D._Sonstige Angaben zu den Geschäftsjahren zwei bis fünf";"D.11._davon verpflichtend";328;335;456;526
2020;"D._Sonstige Angaben zu den Geschäftsjahren zwei bis fünf";"D.12._davon befristete ZVK-Leistung";0;0;0;0
2021;"A.";"Ergebnisprognose des zweiten bis fünften Geschäftsjahres";;;;
2021;"A._Ergebnisprognose des zweiten bis fünften Geschäftsjahres";"A.1._Verdiente Beiträge für eigene Rechnung";31654;30494;29130;27791
2021;"A._Ergebnisprognose des zweiten bis fünften Geschäftsjahres";"A.2._Beiträge aus der Brutto-Rückstellung für Beitragsrückerstattung";48;59;63;56
2021;"A._Ergebnisprognose des zweiten bis fünften Geschäftsjahres";"A.3._Erträge aus Kapitalanlagen";26249;26448;25905;25939
2021;"A._Ergebnisprognose des zweiten bis fünften Geschäftsjahres";"A.3.1._davon: laufende Erträge aus Kapitalanlagen (Nw. 201, S. 1, Spalte 1, Zeile 26 ./. Zeile 25)";22917;23890;24134;23728
2021;"A._Ergebnisprognose des zweiten bis fünften Geschäftsjahres";"A.3.2._davon: übrige Erträge aus Kapitalanlagen (Nw. 201, S. 1, Spalte 2, Zeile 26 ./. Zeile 25)";3332;2558;1771;2211
2021;"A._Ergebnisprognose des zweiten bis fünften Geschäftsjahres";"A.4._Nicht realisierte Gewinne aus Kapitalanlagen";156;168;180;191
2021;"A._Ergebnisprognose des zweiten bis fünften Geschäftsjahres";"A.5._Sonstige versicherungstechnische Erträge für eigene Rechnung";29;29;29;29
2021;"A._Ergebnisprognose des zweiten bis fünften Geschäftsjahres";"A.6._Aufwendungen für Versicherungsfälle für eigene Rechnung";24169;28357;29652;31317
2021;"A._Ergebnisprognose des zweiten bis fünften Geschäftsjahres";"A.7._Veränderung der übrigen versicherungstechnischen Netto-Rückstellungen";33075;27964;25221;22144
2021;"A._Ergebnisprognose des zweiten bis fünften Geschäftsjahres";"A.8._Aufwendungen für die erfolgsabhängige Beitragsrückerstattung für eigene Rechnung";647;632;257;425
2021;"A._Ergebnisprognose des zweiten bis fünften Geschäftsjahres";"A.9._Aufwendungen für den Versicherungsbetrieb für eigene Rechnung";1268;1240;1216;1193
2021;"A._Ergebnisprognose des zweiten bis fünften Geschäftsjahres";"A.10._Aufwendungen für Kapitalanlagen";1422;1419;1431;1471
2021;"A._Ergebnisprognose des zweiten bis fünften Geschäftsjahres";"A.10.1._davon: laufende Aufwendungen für Kapitalanlagen (Nw. 201, S. 1, Spalte 3, Zeile 26 ./. Zeile 25)";1422;1419;1431;1471
2021;"A._Ergebnisprognose des zweiten bis fünften Geschäftsjahres";"A.10.2._davon: übrige Aufwendungen für Kapitalanlagen (Nw. 201, S. 1, Spalte 4, Zeile 26 ./. Zeile 25)";0;0;0;0
2021;"A._Ergebnisprognose des zweiten bis fünften Geschäftsjahres";"A.11._Nicht realisierte Verluste aus Kapitalanlagen";0;0;0;0
2021;"A._Ergebnisprognose des zweiten bis fünften Geschäftsjahres";"A.12._Sonstige versicherungstechnische Aufwendungen für eigene Rechnung";265;299;242;209
2021;"A._Ergebnisprognose des zweiten bis fünften Geschäftsjahres";"A.13._Versicherungstechnisches Ergebnis für eigene Rechnung";-2711;-2713;-2712;-2753
2021;"A._Ergebnisprognose des zweiten bis fünften Geschäftsjahres";"A.14._Saldo der Posten II.1., II.2., II.4., II.5. und II.7. bis II.10. aus Formblatt 3 RechVersV";-289;-287;-288;-247
2021;"A._Ergebnisprognose des zweiten bis fünften Geschäftsjahres";"A.16._Jahresüberschuss/Jahresfehlbetrag";-3000;-3000;-3000;-3000
2021;"A._Ergebnisprognose des zweiten bis fünften Geschäftsjahres";"A.17._nachrichtlich: Ergebnis aus dem abgegebenen VG";0;0;0;0
2021;"B.";"Angaben zur Solvabilität zum Ende des zweiten bis fünften Geschäftsjahres";;;;
2021;"B._Angaben zur Solvabilität zum Ende des zweiten bis fünften Geschäftsjahres";"B.1._Eigenmittel A (gem. Rundschreiben 4/2005 (VA))";39285;40726;41815;43058
2021;"B._Angaben zur Solvabilität zum Ende des zweiten bis fünften Geschäftsjahres";"B.2._davon: ungebundene, zur Verlustdeckung verwendbare Rückstellung für Beitragsrückerstattung (inkl. SÜAF, entsprechend NW 702 Seite 1, Zeile 19)";13334;13775;13864;14107
2021;"B._Angaben zur Solvabilität zum Ende des zweiten bis fünften Geschäftsjahres";"B.3._Eigenmittel B (gem. Rundschreiben 4/2005 (VA))";;;;
2021;"B._Angaben zur Solvabilität zum Ende des zweiten bis fünften Geschäftsjahres";"B.4._davon: stille Nettoreserven";;;;
2021;"B._Angaben zur Solvabilität zum Ende des zweiten bis fünften Geschäftsjahres";"B.5._Mindestbetrag der Mindestkapitalanforderung";;;;
2021;"B._Angaben zur Solvabilität zum Ende des zweiten bis fünften Geschäftsjahres";"B.6._Solvabilitätskapitalanforderung";34275;35355;36326;37174
2021;"C.";"Zusatzangaben zu Kapitalanlagen und zum Sicherungsbedarf für das zweite bis fünfte Geschäftsjahr";;;;
2021;"C._Zusatzangaben zu Kapitalanlagen und zum Sicherungsbedarf für das zweite bis fünfte Geschäftsjahr";"C.1._Unsaldierte stille Reserven zum Ende des zweiten bis fünften Geschäftsjahres";100152;93275;87387;81560
2021;"C._Zusatzangaben zu Kapitalanlagen und zum Sicherungsbedarf für das zweite bis fünfte Geschäftsjahr";"C.2._davon: in zum Nennwert bilanzierten Kapitalanlagen";7754;7365;6976;6588
2021;"C._Zusatzangaben zu Kapitalanlagen und zum Sicherungsbedarf für das zweite bis fünfte Geschäftsjahr";"C.3._davon: in Immobilien";11657;9099;7529;6018
2021;"C._Zusatzangaben zu Kapitalanlagen und zum Sicherungsbedarf für das zweite bis fünfte Geschäftsjahr";"C.4._davon: in Anteilen an verbundenen Unternehmen und Beteiligungen";0;0;0;0
2021;"C._Zusatzangaben zu Kapitalanlagen und zum Sicherungsbedarf für das zweite bis fünfte Geschäftsjahr";"C.5._Unsaldierte stille Lasten zum Ende des zweiten bis fünften Geschäftsjahres";3262;3114;2966;2818
2021;"C._Zusatzangaben zu Kapitalanlagen und zum Sicherungsbedarf für das zweite bis fünfte Geschäftsjahr";"C.6._davon: in zum Nennwert bilanzierten Kapitalanlagen";0;0;0;0
2021;"C._Zusatzangaben zu Kapitalanlagen und zum Sicherungsbedarf für das zweite bis fünfte Geschäftsjahr";"C.7._Neu- und Wiederanlage (ohne FLV) im zweiten bis fünften Geschäftsjahr - inkl. indirekte Anlagen";43616;51366;48124;52083
2021;"C._Zusatzangaben zu Kapitalanlagen und zum Sicherungsbedarf für das zweite bis fünfte Geschäftsjahr";"C.8._Buchwert der Kapitalanlagen zum Ende des zweiten bis fünften Geschäftsjahres (Formblatt 1, Aktivseite, C., RechVersV)";848847;877050;903013;926998
2021;"C._Zusatzangaben zu Kapitalanlagen und zum Sicherungsbedarf für das zweite bis fünfte Geschäftsjahr";"C.9._Bewertungsreserven in festverzinslichen Anlagen und Zinsabsicherungsgeschäften gem. § 139 Abs. 3 VAG";83126;78954;74784;70617
2021;"C._Zusatzangaben zu Kapitalanlagen und zum Sicherungsbedarf für das zweite bis fünfte Geschäftsjahr";"C.10._Sicherungsbedarf gem. § 139 Abs. 4 VAG";216231;210559;204250;197294
2021;"D.";"Sonstige Angaben zu den Geschäftsjahren zwei bis fünf";;;;
2021;"D._Sonstige Angaben zu den Geschäftsjahren zwei bis fünf";"D.1._Veränderung der Deckungsrückstellung zur Verstärkung der Rechnungsgrundlage Zins für aufsichtsrechtlich genehmigte Tarife  (in A.7. enthalten)";1264;1129;1056;910
2021;"D._Sonstige Angaben zu den Geschäftsjahren zwei bis fünf";"D.2._Veränderung der Deckungsrückstellung zur Verstärkung der Rechnungsgrundlage Zins für aufsichtsrechtlich nicht genehmigte Tarife (Zinszusatzreserve gem. § 5 Abs.3 DeckRV; in A.7. enthalten)";6018;5760;5444;5198
2021;"D._Sonstige Angaben zu den Geschäftsjahren zwei bis fünf";"D.3._Veränderung der Deckungsrückstellung zur Verstärkung anderer, bereits feststehender Rechnungsgrundlagen für aufsichtsrechtlich genehmigte und nicht genehmigte Tarife (in A.7. enthalten)";209;108;20;-173
2021;"D._Sonstige Angaben zu den Geschäftsjahren zwei bis fünf";"D.4._Veränderung der Deckungsrückstellung zur Verstärkung der Rechnungsgrundlagen (Zins und andere), die nicht schon in D.1. bis D.3. enthalten ist (in A.7. enthalten)";0;0;0;0
2021;"D._Sonstige Angaben zu den Geschäftsjahren zwei bis fünf";"D.5._Durchschnittlicher Rechnungszins des zweiten bis fünften Geschäftsjahres in %";2,3;2,23;2,17;2,1
2021;"D._Sonstige Angaben zu den Geschäftsjahren zwei bis fünf";"D.6._Erwarten Sie für das zweite bis fünfte Geschäftsjahr einen Antrag auf Reduzierung der Mindestzuführung zur RfB gem. MindZV zu stellen? Antwortmöglichkeiten: 0=nein, 1=ja (bei Möglichkeit 1 bitte Erläuterung im Erläuterungsbogen).";0;0;0;0
2021;"D._Sonstige Angaben zu den Geschäftsjahren zwei bis fünf";"D.7._Erwarten Sie für das zweite bis fünfte Geschäftsjahr einen Antrag auf Entnahme aus der RfB aufgrund § 140 Abs. 1 Satz 2 VAG zu stellen? Antwortmöglichkeiten: 0=nein, 1=ja (bei Möglichkeit 1 bitte Erläuterung im Erläuterungsbogen)";0;0;0;0
2021;"D._Sonstige Angaben zu den Geschäftsjahren zwei bis fünf";"D.8._Deckungsrückstellung zum Ende des Geschäftsjahres, inkl. Verstärkungen (ohne FLV)";817206;844054;868125;889134
2021;"D._Sonstige Angaben zu den Geschäftsjahren zwei bis fünf";"D.9._Im Rahmen der Prognoserechnung angesetzte Unterstützung durch Aktionäre / Trägerunternehmen / gruppenangehörige Unternehmen";4000;4000;4000;4000
2021;"D._Sonstige Angaben zu den Geschäftsjahren zwei bis fünf";"D.10._Zum Zwecke der Leistungserhöhung oder Verrechnung mit sonst zu zahlenden Beiträgen verwendete / entnommene Beträge aus Rohüberschuss, aus der RfB oder aus vergleichbaren Rückstellungen";490;586;529;463
2021;"D._Sonstige Angaben zu den Geschäftsjahren zwei bis fünf";"D.11._davon verpflichtend";490;439;399;348
2021;"D._Sonstige Angaben zu den Geschäftsjahren zwei bis fünf";"D.12._davon befristete ZVK-Leistung";0;0;0;0
2022;"A.";"Ergebnisprognose des zweiten bis fünften Geschäftsjahres";;;;
2022;"A._Ergebnisprognose des zweiten bis fünften Geschäftsjahres";"A.1._Verdiente Beiträge für eigene Rechnung";29235;27794;26313;24771
2022;"A._Ergebnisprognose des zweiten bis fünften Geschäftsjahres";"A.2._Beiträge aus der Brutto-Rückstellung für Beitragsrückerstattung";80;92;91;104
2022;"A._Ergebnisprognose des zweiten bis fünften Geschäftsjahres";"A.3._Erträge aus Kapitalanlagen";23643;23886;24584;24423
2022;"A._Ergebnisprognose des zweiten bis fünften Geschäftsjahres";"A.3.1._davon: laufende Erträge aus Kapitalanlagen (Nw. 201, S. 1, Spalte 1, Zeile 26 ./. Zeile 25)";22443;23886;24584;24423
2022;"A._Ergebnisprognose des zweiten bis fünften Geschäftsjahres";"A.3.2._davon: übrige Erträge aus Kapitalanlagen (Nw. 201, S. 1, Spalte 2, Zeile 26 ./. Zeile 25)";1200;0;0;0
2022;"A._Ergebnisprognose des zweiten bis fünften Geschäftsjahres";"A.4._Nicht realisierte Gewinne aus Kapitalanlagen";239;252;266;278
2022;"A._Ergebnisprognose des zweiten bis fünften Geschäftsjahres";"A.5._Sonstige versicherungstechnische Erträge für eigene Rechnung";1;1;5;9
2022;"A._Ergebnisprognose des zweiten bis fünften Geschäftsjahres";"A.6._Aufwendungen für Versicherungsfälle für eigene Rechnung";28888;31217;31426;33953
2022;"A._Ergebnisprognose des zweiten bis fünften Geschäftsjahres";"A.7._Veränderung der übrigen versicherungstechnischen Netto-Rückstellungen";21365;17843;15570;10482
2022;"A._Ergebnisprognose des zweiten bis fünften Geschäftsjahres";"A.8._Aufwendungen für die erfolgsabhängige Beitragsrückerstattung für eigene Rechnung";220;263;606;1012
2022;"A._Ergebnisprognose des zweiten bis fünften Geschäftsjahres";"A.9._Aufwendungen für den Versicherungsbetrieb für eigene Rechnung";1141;1123;1108;1086
2022;"A._Ergebnisprognose des zweiten bis fünften Geschäftsjahres";"A.10._Aufwendungen für Kapitalanlagen";1105;1102;2099;2600
2022;"A._Ergebnisprognose des zweiten bis fünften Geschäftsjahres";"A.10.1._davon: laufende Aufwendungen für Kapitalanlagen (Nw. 201, S. 1, Spalte 3, Zeile 26 ./. Zeile 25)";1105;1102;1102;1168
2022;"A._Ergebnisprognose des zweiten bis fünften Geschäftsjahres";"A.10.2._davon: übrige Aufwendungen für Kapitalanlagen (Nw. 201, S. 1, Spalte 4, Zeile 26 ./. Zeile 25)";0;0;996;1432
2022;"A._Ergebnisprognose des zweiten bis fünften Geschäftsjahres";"A.11._Nicht realisierte Verluste aus Kapitalanlagen";0;0;0;0
2022;"A._Ergebnisprognose des zweiten bis fünften Geschäftsjahres";"A.12._Sonstige versicherungstechnische Aufwendungen für eigene Rechnung";9;7;7;8
2022;"A._Ergebnisprognose des zweiten bis fünften Geschäftsjahres";"A.13._Versicherungstechnisches Ergebnis für eigene Rechnung";470;470;443;444
2022;"A._Ergebnisprognose des zweiten bis fünften Geschäftsjahres";"A.14._Saldo der Posten II.1., II.2., II.4., II.5. und II.7. bis II.10. aus Formblatt 3 RechVersV";-420;-420;-393;-394
2022;"A._Ergebnisprognose des zweiten bis fünften Geschäftsjahres";"A.16._Jahresüberschuss/Jahresfehlbetrag";50;50;50;50
2022;"A._Ergebnisprognose des zweiten bis fünften Geschäftsjahres";"A.17._nachrichtlich: Ergebnis aus dem abgegebenen VG";0;0;0;0
2022;"B.";"Angaben zur Solvabilität zum Ende des zweiten bis fünften Geschäftsjahres";;;;
2022;"B._Angaben zur Solvabilität zum Ende des zweiten bis fünften Geschäftsjahres";"B.1._Eigenmittel A (gem. Rundschreiben 4/2005 (VA))";37337;37422;37813;38605
2022;"B._Angaben zur Solvabilität zum Ende des zweiten bis fünften Geschäftsjahres";"B.2._davon: ungebundene, zur Verlustdeckung verwendbare Rückstellung für Beitragsrückerstattung (inkl. SÜAF, entsprechend NW 702 Seite 1, Zeile 19)";12337;12372;12713;13455
2022;"B._Angaben zur Solvabilität zum Ende des zweiten bis fünften Geschäftsjahres";"B.3._Eigenmittel B (gem. Rundschreiben 4/2005 (VA))";;;;
2022;"B._Angaben zur Solvabilität zum Ende des zweiten bis fünften Geschäftsjahres";"B.4._davon: stille Nettoreserven";;;;
2022;"B._Angaben zur Solvabilität zum Ende des zweiten bis fünften Geschäftsjahres";"B.5._Mindestbetrag der Mindestkapitalanforderung";;;;
2022;"B._Angaben zur Solvabilität zum Ende des zweiten bis fünften Geschäftsjahres";"B.6._Solvabilitätskapitalanforderung";34775;35435;36010;36377
2022;"C.";"Zusatzangaben zu Kapitalanlagen und zum Sicherungsbedarf für das zweite bis fünfte Geschäftsjahr";;;;
2022;"C._Zusatzangaben zu Kapitalanlagen und zum Sicherungsbedarf für das zweite bis fünfte Geschäftsjahr";"C.1._Unsaldierte stille Reserven zum Ende des zweiten bis fünften Geschäftsjahres";19425;19354;19195;19037
2022;"C._Zusatzangaben zu Kapitalanlagen und zum Sicherungsbedarf für das zweite bis fünfte Geschäftsjahr";"C.2._davon: in zum Nennwert bilanzierten Kapitalanlagen";955;952;944;936
2022;"C._Zusatzangaben zu Kapitalanlagen und zum Sicherungsbedarf für das zweite bis fünfte Geschäftsjahr";"C.3._davon: in Immobilien";7852;7852;7852;7852
2022;"C._Zusatzangaben zu Kapitalanlagen und zum Sicherungsbedarf für das zweite bis fünfte Geschäftsjahr";"C.4._davon: in Anteilen an verbundenen Unternehmen und Beteiligungen";;;;
2022;"C._Zusatzangaben zu Kapitalanlagen und zum Sicherungsbedarf für das zweite bis fünfte Geschäftsjahr";"C.5._Unsaldierte stille Lasten zum Ende des zweiten bis fünften Geschäftsjahres";137958;136562;133659;130756
2022;"C._Zusatzangaben zu Kapitalanlagen und zum Sicherungsbedarf für das zweite bis fünfte Geschäftsjahr";"C.6._davon: in zum Nennwert bilanzierten Kapitalanlagen";6785;6716;6573;6431
2022;"C._Zusatzangaben zu Kapitalanlagen und zum Sicherungsbedarf für das zweite bis fünfte Geschäftsjahr";"C.7._Neu- und Wiederanlage (ohne FLV) im zweiten bis fünften Geschäftsjahr - inkl. indirekte Anlagen";195748;30201;28473;26531
2022;"C._Zusatzangaben zu Kapitalanlagen und zum Sicherungsbedarf für das zweite bis fünfte Geschäftsjahr";"C.8._Buchwert der Kapitalanlagen zum Ende des zweiten bis fünften Geschäftsjahres (Formblatt 1, Aktivseite, C., RechVersV)";866583;883763;899103;909784
2022;"C._Zusatzangaben zu Kapitalanlagen und zum Sicherungsbedarf für das zweite bis fünfte Geschäftsjahr";"C.9._Bewertungsreserven in festverzinslichen Anlagen und Zinsabsicherungsgeschäften gem. § 139 Abs. 3 VAG";-134915;-133591;-130847;-128102
2022;"C._Zusatzangaben zu Kapitalanlagen und zum Sicherungsbedarf für das zweite bis fünfte Geschäftsjahr";"C.10._Sicherungsbedarf gem. § 139 Abs. 4 VAG";0;0;0;0
2022;"D.";"Sonstige Angaben zu den Geschäftsjahren zwei bis fünf";;;;
2022;"D._Sonstige Angaben zu den Geschäftsjahren zwei bis fünf";"D.1._Veränderung der Deckungsrückstellung zur Verstärkung der Rechnungsgrundlage Zins für aufsichtsrechtlich genehmigte Tarife  (in A.7. enthalten)";1108;996;867;2631
2022;"D._Sonstige Angaben zu den Geschäftsjahren zwei bis fünf";"D.2._Veränderung der Deckungsrückstellung zur Verstärkung der Rechnungsgrundlage Zins für aufsichtsrechtlich nicht genehmigte Tarife (Zinszusatzreserve gem. § 5 Abs.3 DeckRV; in A.7. enthalten)";287;210;94;-2973
2022;"D._Sonstige Angaben zu den Geschäftsjahren zwei bis fünf";"D.3._Veränderung der Deckungsrückstellung zur Verstärkung anderer, bereits feststehender Rechnungsgrundlagen für aufsichtsrechtlich genehmigte und nicht genehmigte Tarife (in A.7. enthalten)";161;272;-496;-536
2022;"D._Sonstige Angaben zu den Geschäftsjahren zwei bis fünf";"D.4._Veränderung der Deckungsrückstellung zur Verstärkung der Rechnungsgrundlagen (Zins und andere), die nicht schon in D.1. bis D.3. enthalten ist (in A.7. enthalten)";650;600;550;500
2022;"D._Sonstige Angaben zu den Geschäftsjahren zwei bis fünf";"D.5._Durchschnittlicher Rechnungszins des zweiten bis fünften Geschäftsjahres in %";2,29;2,27;2,25;2,23
2022;"D._Sonstige Angaben zu den Geschäftsjahren zwei bis fünf";"D.6._Erwarten Sie für das zweite bis fünfte Geschäftsjahr einen Antrag auf Reduzierung der Mindestzuführung zur RfB gem. MindZV zu stellen? Antwortmöglichkeiten: 0=nein, 1=ja (bei Möglichkeit 1 bitte Erläuterung im Erläuterungsbogen).";1;1;1;1
2022;"D._Sonstige Angaben zu den Geschäftsjahren zwei bis fünf";"D.7._Erwarten Sie für das zweite bis fünfte Geschäftsjahr einen Antrag auf Entnahme aus der RfB aufgrund § 140 Abs. 1 Satz 2 VAG zu stellen? Antwortmöglichkeiten: 0=nein, 1=ja (bei Möglichkeit 1 bitte Erläuterung im Erläuterungsbogen)";0;0;0;0
2022;"D._Sonstige Angaben zu den Geschäftsjahren zwei bis fünf";"D.8._Deckungsrückstellung zum Ende des Geschäftsjahres, inkl. Verstärkungen (ohne FLV)";831549;848714;863601;873473
2022;"D._Sonstige Angaben zu den Geschäftsjahren zwei bis fünf";"D.9._Im Rahmen der Prognoserechnung angesetzte Unterstützung durch Aktionäre / Trägerunternehmen / gruppenangehörige Unternehmen";0;0;0;0
2022;"D._Sonstige Angaben zu den Geschäftsjahren zwei bis fünf";"D.10._Zum Zwecke der Leistungserhöhung oder Verrechnung mit sonst zu zahlenden Beiträgen verwendete / entnommene Beträge aus Rohüberschuss, aus der RfB oder aus vergleichbaren Rückstellungen";244;275;250;274
2022;"D._Sonstige Angaben zu den Geschäftsjahren zwei bis fünf";"D.11._davon verpflichtend";244;165;140;153
2022;"D._Sonstige Angaben zu den Geschäftsjahren zwei bis fünf";"D.12._davon befristete ZVK-Leistung";0;0;0;0
2023;"A.";"Ergebnisprognose des zweiten bis fünften Geschäftsjahres";;;;
2023;"A._Ergebnisprognose des zweiten bis fünften Geschäftsjahres";"A.1._Verdiente Beiträge für eigene Rechnung";28109;26644;25134;23528
2023;"A._Ergebnisprognose des zweiten bis fünften Geschäftsjahres";"A.2._Beiträge aus der Brutto-Rückstellung für Beitragsrückerstattung";77;65;74;74
2023;"A._Ergebnisprognose des zweiten bis fünften Geschäftsjahres";"A.3._Erträge aus Kapitalanlagen";26658,8797890358;25678,6662489126;25886,2816449399;25510,4830012746
2023;"A._Ergebnisprognose des zweiten bis fünften Geschäftsjahres";"A.3.1._davon: laufende Erträge aus Kapitalanlagen (Nw. 201, S. 1, Spalte 1, Zeile 26 ./. Zeile 25)";22684,5921393566;24328,6662489126;25286,2816449399;25510,4830012746
2023;"A._Ergebnisprognose des zweiten bis fünften Geschäftsjahres";"A.3.2._davon: übrige Erträge aus Kapitalanlagen (Nw. 201, S. 1, Spalte 2, Zeile 26 ./. Zeile 25)";3974,28764967914;1350;600;0
2023;"A._Ergebnisprognose des zweiten bis fünften Geschäftsjahres";"A.4._Nicht realisierte Gewinne aus Kapitalanlagen";274;281;287;293
2023;"A._Ergebnisprognose des zweiten bis fünften Geschäftsjahres";"A.5._Sonstige versicherungstechnische Erträge für eigene Rechnung";34;34;35;36
2023;"A._Ergebnisprognose des zweiten bis fünften Geschäftsjahres";"A.6._Aufwendungen für Versicherungsfälle für eigene Rechnung";31523;32192;34184;36876
2023;"A._Ergebnisprognose des zweiten bis fünften Geschäftsjahres";"A.7._Veränderung der übrigen versicherungstechnischen Netto-Rückstellungen";17635;14984;4972;1905
2023;"A._Ergebnisprognose des zweiten bis fünften Geschäftsjahres";"A.8._Aufwendungen für die erfolgsabhängige Beitragsrückerstattung für eigene Rechnung";1426;1494;7957;7027
2023;"A._Ergebnisprognose des zweiten bis fünften Geschäftsjahres";"A.9._Aufwendungen für den Versicherungsbetrieb für eigene Rechnung";1089;1076;1066;1047
2023;"A._Ergebnisprognose des zweiten bis fünften Geschäftsjahres";"A.10._Aufwendungen für Kapitalanlagen";2975,27107311578;2470,26074607062;2751,18565660588;2100,5043311373
2023;"A._Ergebnisprognose des zweiten bis fünften Geschäftsjahres";"A.10.1._davon: laufende Aufwendungen für Kapitalanlagen (Nw. 201, S. 1, Spalte 3, Zeile 26 ./. Zeile 25)";1074,97278961134;1365,80878961134;1365,80878961134;1194,02126370445
2023;"A._Ergebnisprognose des zweiten bis fünften Geschäftsjahres";"A.10.2._davon: übrige Aufwendungen für Kapitalanlagen (Nw. 201, S. 1, Spalte 4, Zeile 26 ./. Zeile 25)";1900,29828350443;1104,45195645927;1385,37686699453;906,483067432849
2023;"A._Ergebnisprognose des zweiten bis fünften Geschäftsjahres";"A.11._Nicht realisierte Verluste aus Kapitalanlagen";0;0;0;0
2023;"A._Ergebnisprognose des zweiten bis fünften Geschäftsjahres";"A.12._Sonstige versicherungstechnische Aufwendungen für eigene Rechnung";9;8;8;8
2023;"A._Ergebnisprognose des zweiten bis fünften Geschäftsjahres";"A.13._Versicherungstechnisches Ergebnis für eigene Rechnung";495,608715919976;478,405502841991;478,095988334004;477,978670137335
2023;"A._Ergebnisprognose des zweiten bis fünften Geschäftsjahres";"A.14._Saldo der Posten II.1., II.2., II.4., II.5. und II.7. bis II.10. aus Formblatt 3 RechVersV";-446;-428;-428;-428
2023;"A._Ergebnisprognose des zweiten bis fünften Geschäftsjahres";"A.16._Jahresüberschuss/Jahresfehlbetrag";49,608715919976;50,4055028419912;50,0959883340038;49,9786701373355
2023;"A._Ergebnisprognose des zweiten bis fünften Geschäftsjahres";"A.17._nachrichtlich: Ergebnis aus dem abgegebenen VG";0;0;0;0
2023;"B.";"Angaben zur Solvabilität zum Ende des zweiten bis fünften Geschäftsjahres";;;;
2023;"B._Angaben zur Solvabilität zum Ende des zweiten bis fünften Geschäftsjahres";"B.1._Eigenmittel A (gem. Rundschreiben 4/2005 (VA))";39710;41025;48806;55614
2023;"B._Angaben zur Solvabilität zum Ende des zweiten bis fünften Geschäftsjahres";"B.2._davon: ungebundene, zur Verlustdeckung verwendbare Rückstellung für Beitragsrückerstattung (inkl. SÜAF, entsprechend NW 702 Seite 1, Zeile 19)";14059;15324;23055;29813
2023;"B._Angaben zur Solvabilität zum Ende des zweiten bis fünften Geschäftsjahres";"B.3._Eigenmittel B (gem. Rundschreiben 4/2005 (VA))";;;;
2023;"B._Angaben zur Solvabilität zum Ende des zweiten bis fünften Geschäftsjahres";"B.4._davon: stille Nettoreserven";;;;
2023;"B._Angaben zur Solvabilität zum Ende des zweiten bis fünften Geschäftsjahres";"B.5._Mindestbetrag der Mindestkapitalanforderung";;;;
2023;"B._Angaben zur Solvabilität zum Ende des zweiten bis fünften Geschäftsjahres";"B.6._Solvabilitätskapitalanforderung";35546;36133;36315;36364
2023;"B._Angaben zur Solvabilität zum Ende des zweiten bis fünften Geschäftsjahres";"";;;1,34396254991051;1,52936970630294
2023;"C.";"Zusatzangaben zu Kapitalanlagen und zum Sicherungsbedarf für das zweite bis fünfte Geschäftsjahr";;;;
2023;"C._Zusatzangaben zu Kapitalanlagen und zum Sicherungsbedarf für das zweite bis fünfte Geschäftsjahr";"C.1._Unsaldierte stille Reserven zum Ende des zweiten bis fünften Geschäftsjahres";7046,96820522326;6323,41657531001;5669,61981841239;5615,82306151477
2023;"C._Zusatzangaben zu Kapitalanlagen und zum Sicherungsbedarf für das zweite bis fünfte Geschäftsjahr";"C.2._davon: in zum Nennwert bilanzierten Kapitalanlagen";75,1896866666664;37,5948433333332;0;0
2023;"C._Zusatzangaben zu Kapitalanlagen und zum Sicherungsbedarf für das zweite bis fünfte Geschäftsjahr";"C.3._davon: in Immobilien";1117,19449922077;1117,19449922077;1117,19449922077;1117,19449922077
2023;"C._Zusatzangaben zu Kapitalanlagen und zum Sicherungsbedarf für das zweite bis fünfte Geschäftsjahr";"C.4._davon: in Anteilen an verbundenen Unternehmen und Beteiligungen";0;0;0;0
2023;"C._Zusatzangaben zu Kapitalanlagen und zum Sicherungsbedarf für das zweite bis fünfte Geschäftsjahr";"C.5._Unsaldierte stille Lasten zum Ende des zweiten bis fünften Geschäftsjahres";162891,829864522;160770,000292942;156747,784471862;152725,568650782
2023;"C._Zusatzangaben zu Kapitalanlagen und zum Sicherungsbedarf für das zweite bis fünfte Geschäftsjahr";"C.6._davon: in zum Nennwert bilanzierten Kapitalanlagen";7890,454903125;7787,67380869814;7592,8382999236;7398,00279114905
2023;"C._Zusatzangaben zu Kapitalanlagen und zum Sicherungsbedarf für das zweite bis fünfte Geschäftsjahr";"C.7._Neu- und Wiederanlage (ohne FLV) im zweiten bis fünften Geschäftsjahr - inkl. indirekte Anlagen";33980,2046294514;377,233708031195;33464,5070984427;22545,823650868
2023;"C._Zusatzangaben zu Kapitalanlagen und zum Sicherungsbedarf für das zweite bis fünfte Geschäftsjahr";"C.8._Buchwert der Kapitalanlagen zum Ende des zweiten bis fünften Geschäftsjahres (Formblatt 1, Aktivseite, C., RechVersV)";890906,22926029;912558,67545834;926575,111637705;935346,457856663
2023;"C._Zusatzangaben zu Kapitalanlagen und zum Sicherungsbedarf für das zweite bis fünfte Geschäftsjahr";"C.9._Bewertungsreserven in festverzinslichen Anlagen und Zinsabsicherungsgeschäften gem. § 139 Abs. 3 VAG";-161792,30510182;-159694,027160153;-155725,60809597;-151757,189031787
2023;"C._Zusatzangaben zu Kapitalanlagen und zum Sicherungsbedarf für das zweite bis fünfte Geschäftsjahr";"C.10._Sicherungsbedarf gem. § 139 Abs. 4 VAG";0;0;0;0
2023;"D.";"Sonstige Angaben zu den Geschäftsjahren zwei bis fünf";;;;
2023;"D._Sonstige Angaben zu den Geschäftsjahren zwei bis fünf";"D.1._Veränderung der Brutto-Deckungsrückstellung zur Verstärkung der Rechnungsgrundlage Zins für aufsichtsrechtlich genehmigte Tarife  (in A.7. enthalten)";907;788;668;508
2023;"D._Sonstige Angaben zu den Geschäftsjahren zwei bis fünf";"D.2._Veränderung der Brutto-Deckungsrückstellung zur Verstärkung der Rechnungsgrundlage Zins für aufsichtsrechtlich nicht genehmigte Tarife (Zinszusatzreserve gem. § 5 Abs. 3 DeckRV; in A.7. enthalten)";188;70;-6620;-5303
2023;"D._Sonstige Angaben zu den Geschäftsjahren zwei bis fünf";"D.3._Veränderung der Brutto-Deckungsrückstellung zur Verstärkung anderer, bereits feststehender Rechnungsgrundlagen für aufsichtsrechtlich genehmigte und nicht genehmigte Tarife (in A.7. enthalten)";228;-481;-497;-759
2023;"D._Sonstige Angaben zu den Geschäftsjahren zwei bis fünf";"D.4._Veränderung der Brutto-Deckungsrückstellung zur Verstärkung der Rechnungsgrundlagen (Zins und andere), die nicht schon in D.1. bis D.3. enthalten ist (in A.7. enthalten)";450;400;350;300
2023;"D._Sonstige Angaben zu den Geschäftsjahren zwei bis fünf";"D.5._Durchschnittlicher Rechnungszins des zweiten bis fünften Geschäftsjahres in %";2,27;2,25;2,23;2,27
2023;"D._Sonstige Angaben zu den Geschäftsjahren zwei bis fünf";"D.6._Erwarten Sie für das zweite bis fünfte Geschäftsjahr einen Antrag auf Reduzierung der Mindestzuführung zur RfB gem. MindZV zu stellen? Antwortmöglichkeiten: 0=nein, 1=ja (bei Möglichkeit 1 bitte Erläuterung im Erläuterungsbogen).";0;0;0;0
2023;"D._Sonstige Angaben zu den Geschäftsjahren zwei bis fünf";"D.7._Erwarten Sie für das zweite bis fünfte Geschäftsjahr einen Antrag auf Entnahme aus der RfB aufgrund § 140 Abs. 1 Satz 2 VAG zu stellen? Antwortmöglichkeiten: 0=nein, 1=ja (bei Möglichkeit 1 bitte Erläuterung im Erläuterungsbogen)";0;0;0;0
2023;"D._Sonstige Angaben zu den Geschäftsjahren zwei bis fünf";"D.8._Brutto-Deckungsrückstellung zum Ende des Geschäftsjahres, inkl. Verstärkungen (ohne FLV)";850628;865310;870051;871673
2023;"D._Sonstige Angaben zu den Geschäftsjahren zwei bis fünf";"D.9._Im Rahmen der Prognoserechnung angesetzte Unterstützung durch Aktionäre / Trägerunternehmen / gruppenangehörige Unternehmen";0;0;0;0
2023;"D._Sonstige Angaben zu den Geschäftsjahren zwei bis fünf";"D.10._Zum Zwecke der Leistungserhöhung oder Verrechnung mit sonst zu zahlenden Beiträgen verwendete / entnommene Beträge aus Rohüberschuss, aus der RfB oder aus vergleichbaren Rückstellungen";356;214;229;226
2023;"D._Sonstige Angaben zu den Geschäftsjahren zwei bis fünf";"D.11._davon verpflichtend";356;128;132;128
2023;"D._Sonstige Angaben zu den Geschäftsjahren zwei bis fünf";"D.12._davon befristete ZVK-Leistung";0;0;0;0
